#VRML V2.0 utf8
# 3D model generated by easyeda2kicad.py (https://github.com/uPesy/easyeda2kicad.py)

Shape{
    appearance Appearance {
        material  Material 	{
            diffuseColor 0.5019607843137255 0.5019607843137255 0.5019607843137255
            specularColor 0.25098039215686274 0.25098039215686274 0.25098039215686274
            ambientIntensity 0.502
            transparency 0.0
            shininess 0.5
        }
    }
    geometry IndexedFaceSet {
        ccw TRUE
        solid FALSE
        coord DEF co Coordinate {
            point [
                -0.6496 -0.2559 0.0118, -0.4601 -0.2559 0.0118, -0.4601 -0.3021 0.0118, -0.689 -0.3021 0.0118, -0.6496 0.2559 0.0118, -0.689 0.3543 0.0118, -0.4601 0.2559 0.0118, -0.4601 0.3543 0.0118, -0.1597 0.2559 0.0118, -0.1597 0.3543 0.0118, -0.0488 0.2559 0.0118, -0.0488 0.3543 0.0118, -0.036 0.2559 0.0118, 0.0 0.1935 0.0118, 0.0857 -0.3021 0.0118, 0.0376 -0.2559 0.0118, 0.689 -0.3021 0.0118, 0.6496 -0.2559 0.0118, 0.689 0.3543 0.0118, 0.6496 0.2559 0.0118, 0.0376 0.3543 0.0118, 0.0376 0.2559 0.0118, 0.036 0.2559 0.0118, -0.0488 -0.3021 0.0118, -0.0488 -0.2559 0.0118, 0.0376 -0.3021 0.0118, -0.1597 0.4528 0.0118, -0.0488 0.4528 0.0118, 0.0376 0.4528 0.0118, 0.6496 0.4528 0.0118, 0.689 0.689 0.0118, 0.6496 0.6496 0.0118, 0.0376 0.689 0.0118, 0.0376 0.6496 0.0118, -0.0488 0.689 0.0118, -0.0488 0.6496 0.0118, -0.1597 0.689 0.0118, -0.1597 0.6496 0.0118, -0.4601 0.689 0.0118, -0.4601 0.6496 0.0118, -0.689 0.689 0.0118, -0.6496 0.6496 0.0118, -0.6496 0.4528 0.0118, -0.4601 0.4528 0.0118, 0.6496 -0.4528 0.0118, 0.689 -0.4376 0.0118, 0.6496 -0.6496 0.0118, 0.689 -0.6693 0.0118, 0.0376 -0.6496 0.0118, 0.0376 -0.6693 0.0118, -0.0488 -0.6496 0.0118, -0.0488 -0.6693 0.0118, -0.1597 -0.6496 0.0118, -0.1597 -0.6693 0.0118, -0.4601 -0.6496 0.0118, -0.4601 -0.6693 0.0118, -0.6496 -0.6496 0.0118, -0.689 -0.6693 0.0118, -0.6496 -0.4528 0.0118, -0.689 -0.4376 0.0118, -0.4601 -0.4528 0.0118, -0.4601 -0.4376 0.0118, -0.1597 -0.4528 0.0118, -0.1597 -0.4376 0.0118, -0.0488 -0.4528 0.0118, -0.0488 -0.4376 0.0118, 0.0376 -0.4528 0.0118, 0.0376 -0.4376 0.0118, 0.0491 -0.4019 0.0118, 0.0376 -0.4217 0.0118, 0.0491 -0.4148 0.0118, 0.0617 -0.42 0.0118, 0.0769 -0.3014 0.0118, 0.0665 -0.3021 0.0118, 0.0628 -0.3024 0.0118, 0.0491 -0.3061 0.0118, 0.0491 -0.3219 0.0118, 0.0624 -0.3162 0.0118, 0.0512 -0.403 0.0118, 0.0768 -0.3144 0.0118, 0.0884 -0.3157 0.0118, 0.0972 -0.3189 0.0118, 0.1054 -0.3243 0.0118, 0.1126 -0.3322 0.0118, 0.1211 -0.3632 0.0118, 0.1199 -0.3759 0.0118, 0.1167 -0.3861 0.0118, 0.0904 -0.4082 0.0118, 0.0794 -0.4094 0.0118, 0.0991 -0.405 0.0118, 0.1063 -0.4001 0.0118, 0.1118 -0.3943 0.0118, 0.0638 -0.4077 0.0118, 0.1174 -0.3413 0.0118, 0.1206 -0.354 0.0118, 0.0886 -0.4217 0.0118, 0.1471 -0.4209 0.0118, 0.2076 -0.4209 0.0118, 0.1171 -0.4109 0.0118, 0.126 -0.4015 0.0118, 0.1307 -0.3339 0.0118, 0.1238 -0.3229 0.0118, 0.1917 -0.3028 0.0118, 0.1132 -0.3126 0.0118, 0.1019 -0.3062 0.0118, 0.1471 -0.408 0.0118, 0.1323 -0.3903 0.0118, 0.1917 -0.408 0.0118, 0.0962 -0.4209 0.0118, 0.1076 -0.4169 0.0118, 0.1358 -0.3778 0.0118, 0.137 -0.3641 0.0118, 0.1353 -0.3473 0.0118, 0.0736 -0.4217 0.0118, 0.0784 -0.4223 0.0118, 0.0816 -0.4224 0.0118, 0.0888 -0.3024 0.0118, 0.2076 -0.3028 0.0118, 0.689 -0.4217 0.0118, -0.689 -0.689 0.0118, -0.4601 -0.689 0.0118, -0.1597 -0.689 0.0118, -0.0488 -0.689 0.0118, 0.0376 -0.689 0.0118, 0.689 -0.689 0.0118, -0.4601 -0.4217 0.0118, -0.1597 -0.4217 0.0118, -0.0488 -0.4217 0.0118, 0.0102 -0.3158 0.0118, 0.0102 -0.3547 0.0118, -0.0344 -0.3158 0.0118, -0.0315 -0.3547 0.0118, -0.0344 -0.3028 0.0118, -0.0315 -0.3677 0.0118, 0.0102 -0.3677 0.0118, 0.0102 -0.408 0.0118, -0.0373 -0.408 0.0118, -0.0373 -0.4209 0.0118, 0.0261 -0.4209 0.0118, 0.0261 -0.3028 0.0118, -0.1495 -0.3886 0.0118, -0.1427 -0.3991 0.0118, -0.133 -0.4084 0.0118, -0.1207 -0.4156 0.0118, -0.0937 -0.3028 0.0118, -0.1597 -0.3021 0.0118, -0.1597 -0.2559 0.0118, -0.1107 -0.3047 0.0118, -0.1246 -0.3095 0.0118, -0.1374 -0.3181 0.0118, -0.1375 -0.3182 0.0118, -0.1459 -0.3275 0.0118, -0.1514 -0.3377 0.0118, -0.1071 -0.4197 0.0118, -0.0925 -0.4209 0.0118, -0.0604 -0.4209 0.0118, -0.0604 -0.3028 0.0118, -0.1546 -0.3493 0.0118, -0.1554 -0.3604 0.0118, -0.1538 -0.3762 0.0118, -0.2534 -0.4209 0.0118, -0.2706 -0.4209 0.0118, -0.2246 -0.3028 0.0118, -0.2414 -0.3878 0.0118, -0.1926 -0.3878 0.0118, -0.1813 -0.4209 0.0118, -0.1641 -0.4209 0.0118, -0.2087 -0.3028 0.0118, -0.689 -0.4217 0.0118
            ]
        }
        coordIndex [
            0,1,2,-1,0,3,4,-1,4,3,5,-1,4,5,6,-1,6,5,7,-1,6,7,8,-1,8,7,9,-1,8,9,10,-1,10,9,11,-1,10,11,12,-1,12,11,13,-1,14,15,16,-1,16,15,17,-1,16,17,18,-1,18,17,19,-1,18,19,20,-1,20,19,21,-1,20,21,11,-1,11,21,22,-1,11,22,13,-1,23,24,25,-1,25,24,15,-1,9,26,11,-1,11,26,27,-1,11,27,20,-1,20,27,28,-1,20,28,18,-1,18,28,29,-1,18,29,30,-1,30,29,31,-1,30,31,32,-1,32,31,33,-1,32,33,34,-1,34,33,35,-1,34,35,36,-1,36,35,37,-1,36,37,38,-1,38,37,39,-1,38,39,40,-1,40,39,41,-1,40,41,5,-1,5,41,42,-1,5,42,7,-1,7,42,43,-1,7,43,9,-1,9,43,26,-1,44,45,46,-1,46,45,47,-1,46,47,48,-1,48,47,49,-1,48,49,50,-1,50,49,51,-1,50,51,52,-1,52,51,53,-1,52,53,54,-1,54,53,55,-1,54,55,56,-1,56,55,57,-1,56,57,58,-1,58,57,59,-1,60,61,62,-1,62,61,63,-1,62,63,64,-1,64,63,65,-1,64,65,66,-1,66,65,67,-1,25,68,69,-1,69,68,70,-1,69,70,71,-1,14,72,15,-1,15,72,73,-1,15,73,25,-1,25,73,74,-1,74,75,25,-1,25,75,76,-1,25,76,68,-1,68,76,77,-1,68,77,78,-1,78,77,79,-1,78,79,80,-1,80,81,78,-1,78,81,82,-1,78,82,83,-1,84,85,78,-1,78,85,86,-1,87,88,89,-1,89,88,90,-1,86,91,78,-1,78,91,90,-1,78,90,92,-1,92,90,88,-1,83,93,78,-1,78,93,94,-1,78,94,84,-1,95,96,97,-1,98,99,96,-1,100,101,102,-1,102,101,103,-1,102,103,104,-1,96,99,105,-1,105,99,106,-1,105,106,107,-1,95,108,96,-1,96,108,109,-1,96,109,98,-1,106,110,107,-1,107,110,111,-1,107,111,102,-1,102,111,112,-1,102,112,100,-1,113,114,67,-1,67,114,115,-1,67,115,95,-1,104,116,102,-1,102,116,14,-1,102,14,117,-1,117,14,16,-1,117,16,97,-1,97,16,118,-1,97,118,95,-1,95,118,45,-1,95,45,67,-1,67,45,44,-1,67,44,66,-1,119,57,120,-1,120,57,55,-1,120,55,121,-1,121,55,53,-1,121,53,122,-1,122,53,51,-1,122,51,123,-1,123,51,49,-1,123,49,124,-1,124,49,47,-1,61,125,63,-1,63,125,126,-1,63,126,65,-1,65,126,127,-1,65,127,67,-1,67,127,69,-1,67,69,113,-1,113,69,71,-1,128,129,130,-1,130,129,131,-1,25,132,23,-1,23,132,130,-1,23,130,127,-1,127,130,131,-1,127,131,133,-1,134,135,133,-1,133,135,136,-1,133,136,127,-1,127,136,137,-1,127,137,69,-1,69,137,138,-1,69,138,25,-1,25,138,139,-1,25,139,132,-1,140,141,126,-1,126,141,142,-1,126,142,143,-1,144,145,23,-1,23,145,146,-1,23,146,24,-1,144,147,145,-1,145,147,148,-1,145,148,149,-1,149,150,145,-1,145,150,151,-1,145,151,152,-1,143,153,126,-1,126,153,154,-1,126,154,127,-1,127,154,155,-1,127,155,23,-1,23,155,156,-1,23,156,144,-1,152,157,145,-1,145,157,158,-1,145,158,126,-1,126,158,159,-1,126,159,140,-1,160,126,161,-1,161,126,125,-1,161,125,162,-1,162,125,2,-1,162,2,145,-1,145,2,1,-1,145,1,146,-1,163,164,160,-1,160,164,165,-1,160,165,126,-1,126,165,166,-1,126,166,145,-1,145,166,167,-1,145,167,162,-1,0,2,3,-1,3,2,125,-1,3,125,168,-1,168,125,61,-1,168,61,59,-1,59,61,60,-1,59,60,58,-1,
        ]
    }
}
Shape{
    appearance Appearance {
        material  Material 	{
            diffuseColor 1.0 1.0 0.0
            specularColor 0.5019607843137255 0.5019607843137255 0.0
            ambientIntensity 0.886
            transparency 0.0
            shininess 0.5
        }
    }
    geometry IndexedFaceSet {
        ccw TRUE
        solid FALSE
        coord DEF co Coordinate {
            point [
                -0.0488 0.2559 0.0118, -0.036 0.2559 0.0118, -0.036 0.2559 0.0, -0.6496 0.2559 0.0, -0.6496 0.2559 0.0118, -0.4601 0.2559 0.0118, -0.1597 0.2559 0.0118, -0.5092 0.4642 0.2874, -0.4483 0.5232 0.2874, -0.689 0.689 0.2874, -0.3806 0.5743 0.2874, -0.3071 0.6167 0.2874, -0.229 0.6498 0.2874, -0.1474 0.673 0.2874, -0.0636 0.686 0.2874, 0.0 0.689 0.2874, -0.689 0.0 0.2874, -0.6838 0.0847 0.2874, -0.6682 0.1681 0.2874, -0.6425 0.2489 0.2874, -0.607 0.326 0.2874, -0.5623 0.3981 0.2874, 0.0212 0.6886 0.2874, 0.689 0.689 0.2874, 0.1057 0.6808 0.2874, 0.1885 0.6627 0.2874, 0.689 0.0 0.2874, 0.6877 0.0424 0.2874, 0.6772 0.1266 0.2874, 0.2686 0.6345 0.2874, 0.3445 0.5967 0.2874, 0.4152 0.5498 0.2874, 0.4796 0.4946 0.2874, 0.5368 0.4319 0.2874, 0.5858 0.3627 0.2874, 0.6259 0.288 0.2874, 0.6566 0.2089 0.2874, 0.5368 -0.4319 0.2874, 0.4796 -0.4946 0.2874, 0.689 -0.689 0.2874, 0.4152 -0.5498 0.2874, 0.6566 -0.2089 0.2874, 0.6259 -0.288 0.2874, 0.5858 -0.3627 0.2874, 0.3445 -0.5967 0.2874, 0.2686 -0.6345 0.2874, 0.1885 -0.6627 0.2874, 0.1057 -0.6808 0.2874, 0.0212 -0.6886 0.2874, 0.0 -0.689 0.2874, 0.6877 -0.0424 0.2874, 0.6772 -0.1266 0.2874
            ]
        }
        coordIndex [
            0,1,2,-1,3,4,5,-1,3,5,2,-1,2,5,6,-1,2,6,0,-1,7,8,9,-1,8,10,9,-1,9,10,11,-1,9,11,12,-1,12,13,9,-1,9,13,14,-1,9,14,15,-1,16,17,9,-1,9,17,18,-1,9,18,19,-1,19,20,9,-1,9,20,21,-1,9,21,7,-1,15,22,23,-1,23,22,24,-1,23,24,25,-1,26,23,27,-1,27,23,28,-1,25,29,23,-1,23,29,30,-1,23,30,31,-1,31,32,23,-1,23,32,33,-1,23,33,34,-1,34,35,23,-1,23,35,36,-1,23,36,28,-1,37,38,39,-1,39,38,40,-1,41,42,39,-1,39,42,43,-1,39,43,37,-1,40,44,39,-1,39,44,45,-1,39,45,46,-1,46,47,39,-1,39,47,48,-1,39,48,49,-1,26,50,39,-1,39,50,51,-1,39,51,41,-1,
        ]
    }
}
Shape{
    appearance Appearance {
        material  Material 	{
            diffuseColor 0.5019607843137255 0.5019607843137255 0.5019607843137255
            specularColor 0.25098039215686274 0.25098039215686274 0.25098039215686274
            ambientIntensity 0.502
            transparency 0.0
            shininess 0.5
        }
    }
    geometry IndexedFaceSet {
        ccw TRUE
        solid FALSE
        coord DEF co Coordinate {
            point [
                0.689 -0.689 0.2874, 0.689 -0.689 0.0118, 0.689 -0.6693 0.0118, 0.689 -0.4376 0.0118, 0.689 -0.4217 0.0118, 0.689 0.0 0.2874, 0.689 -0.3021 0.0118, 0.689 0.689 0.2874, 0.689 0.3543 0.0118, 0.689 0.689 0.0118, 0.0 0.689 0.2874, 0.0376 0.689 0.0118, -0.0488 0.689 0.0118, -0.1597 0.689 0.0118, -0.689 0.689 0.2874, -0.4601 0.689 0.0118, -0.689 0.689 0.0118, -0.689 -0.4217 0.0118, -0.689 -0.689 0.2874, -0.689 -0.3021 0.0118, -0.689 0.0 0.2874, -0.689 0.3543 0.0118, -0.689 -0.4376 0.0118, -0.689 -0.6693 0.0118, -0.689 -0.689 0.0118, -0.1597 -0.689 0.0118, 0.0 -0.689 0.2874, -0.4601 -0.689 0.0118, 0.0376 -0.689 0.0118, -0.0488 -0.689 0.0118
            ]
        }
        coordIndex [
            0,1,2,-1,2,3,0,-1,0,3,4,-1,0,4,5,-1,5,4,6,-1,5,6,7,-1,7,6,8,-1,7,8,9,-1,7,9,10,-1,10,9,11,-1,11,12,10,-1,10,12,13,-1,10,13,14,-1,14,13,15,-1,14,15,16,-1,17,18,19,-1,19,18,20,-1,19,20,21,-1,21,20,14,-1,21,14,16,-1,17,22,18,-1,18,22,23,-1,18,23,24,-1,25,26,27,-1,27,26,18,-1,27,18,24,-1,1,0,28,-1,28,0,26,-1,28,26,29,-1,29,26,25,-1,
        ]
    }
}
Shape{
    appearance Appearance {
        material  Material 	{
            diffuseColor 1.0 1.0 0.0
            specularColor 0.5019607843137255 0.5019607843137255 0.0
            ambientIntensity 0.886
            transparency 0.0
            shininess 0.5
        }
    }
    geometry IndexedFaceSet {
        ccw TRUE
        solid FALSE
        coord DEF co Coordinate {
            point [
                -0.6838 -0.0847 0.2874, -0.689 0.0 0.2874, -0.689 -0.689 0.2874, -0.6682 -0.1681 0.2874, -0.6049 -0.5473 0.2874, -0.1474 -0.673 0.2874, -0.5327 -0.589 0.2874, -0.537 -0.5994 0.2874, -0.5856 -0.6195 0.2874, -0.596 -0.6152 0.2874, -0.6049 -0.6083 0.2874, -0.6118 -0.5994 0.2874, -0.6161 -0.589 0.2874, -0.229 -0.6498 0.2874, -0.3071 -0.6167 0.2874, -0.5312 -0.5778 0.2874, -0.3806 -0.5743 0.2874, -0.5327 -0.5666 0.2874, -0.4483 -0.5232 0.2874, -0.537 -0.5562 0.2874, -0.596 -0.5404 0.2874, -0.5856 -0.5361 0.2874, -0.6425 -0.2489 0.2874, -0.5439 -0.5473 0.2874, -0.5092 -0.4642 0.2874, -0.5528 -0.5404 0.2874, -0.5439 -0.6083 0.2874, -0.5528 -0.6152 0.2874, -0.0636 -0.686 0.2874, -0.5632 -0.6195 0.2874, -0.5744 -0.621 0.2874, -0.6176 -0.5778 0.2874, -0.6161 -0.5666 0.2874, -0.6118 -0.5562 0.2874, 0.0 -0.689 0.2874, -0.5632 -0.5361 0.2874, -0.5623 -0.3981 0.2874, -0.5744 -0.5346 0.2874, -0.607 -0.326 0.2874, 0.0101 0.0563 0.9542, 0.0051 0.057 0.9542, 0.0 0.0 0.9567, 0.015 0.0552 0.9542, 0.0198 0.0537 0.9542, 0.0245 0.0517 0.9542, 0.029 0.0493 0.9542, 0.0332 0.0466 0.9542, 0.0372 0.0435 0.9542, 0.0409 0.04 0.9542, 0.0443 0.0362 0.9542, 0.0473 0.0322 0.9542, 0.05 0.0279 0.9542, 0.0522 0.0234 0.9542, 0.0541 0.0186 0.9542, 0.0555 0.0138 0.9542, 0.0565 0.0088 0.9542, 0.0571 0.0038 0.9542, 0.0572 -0.0013 0.9542, 0.0569 -0.0063 0.9542, 0.0561 -0.0113 0.9542, 0.0549 -0.0162 0.9542, 0.0532 -0.021 0.9542, 0.0512 -0.0256 0.9542, 0.0487 -0.0301 0.9542, 0.0458 -0.0342 0.9542, 0.0426 -0.0382 0.9542, 0.0391 -0.0418 0.9542, 0.0353 -0.0451 0.9542, 0.0311 -0.048 0.9542, 0.0268 -0.0506 0.9542, 0.0222 -0.0527 0.9542, 0.0174 -0.0545 0.9542, 0.0126 -0.0558 0.9542, 0.0076 -0.0567 0.9542, 0.0025 -0.0572 0.9542, -0.0025 -0.0572 0.9542, -0.0076 -0.0567 0.9542, -0.0126 -0.0558 0.9542, -0.0174 -0.0545 0.9542, -0.0222 -0.0527 0.9542, -0.0268 -0.0506 0.9542, -0.0311 -0.048 0.9542, -0.0353 -0.0451 0.9542, -0.0391 -0.0418 0.9542, -0.0426 -0.0382 0.9542, -0.0458 -0.0342 0.9542, -0.0487 -0.0301 0.9542, -0.0512 -0.0256 0.9542, -0.0532 -0.021 0.9542, -0.0549 -0.0162 0.9542, -0.0561 -0.0113 0.9542, -0.0569 -0.0063 0.9542, -0.0572 -0.0013 0.9542, -0.0571 0.0038 0.9542, -0.0565 0.0088 0.9542, -0.0555 0.0138 0.9542, -0.0541 0.0186 0.9542, -0.0522 0.0234 0.9542, -0.05 0.0279 0.9542, -0.0473 0.0322 0.9542, -0.0443 0.0362 0.9542, -0.0409 0.04 0.9542, -0.0372 0.0435 0.9542, -0.0332 0.0466 0.9542, -0.029 0.0493 0.9542, -0.0245 0.0517 0.9542, -0.0198 0.0537 0.9542, -0.015 0.0552 0.9542, -0.0101 0.0563 0.9542, -0.0051 0.057 0.9542, 0.0 0.0572 0.9542, 0.0 0.6648 0.3645, -0.0591 0.6664 0.3074, -0.0588 0.6622 0.3645, -0.0617 0.666 0.3074, -0.1171 0.6544 0.3645, -0.1178 0.6585 0.3074, -0.143 0.6529 0.3074, -0.1744 0.6415 0.3645, -0.1755 0.6456 0.3074, -0.2222 0.6306 0.3074, -0.2305 0.6236 0.3645, -0.2319 0.6275 0.3074, -0.2864 0.6046 0.3074, -0.2847 0.6008 0.3645, -0.298 0.5985 0.3074, -0.3367 0.5733 0.3645, -0.3388 0.5769 0.3074, -0.3692 0.5572 0.3074, -0.386 0.5413 0.3645, -0.3884 0.5447 0.3074, -0.435 0.5082 0.3074, -0.4323 0.5051 0.3645, -0.4353 0.508 0.3074, -0.4753 0.4649 0.3645, -0.4783 0.4678 0.3074, -0.4939 0.4503 0.3074, -0.5145 0.4211 0.3645, -0.5177 0.4237 0.3074, -0.5457 0.3863 0.3074, -0.5497 0.3739 0.3645, -0.5531 0.3763 0.3074, -0.5842 0.3259 0.3074, -0.5806 0.3239 0.3645, -0.589 0.3163 0.3074, -0.607 0.2713 0.3645, -0.6108 0.273 0.3074, -0.6232 0.2414 0.3074, -0.6286 0.2166 0.3645, -0.6325 0.218 0.3074, -0.6487 0.1632 0.3074, -0.6452 0.1602 0.3645, -0.6493 0.1612 0.3074, -0.661 0.1032 0.3074, -0.6569 0.1026 0.3645, -0.6633 0.0821 0.3074, -0.6634 0.0441 0.3645, -0.6675 0.0444 0.3074, -0.669 -0.0 0.3074, -0.6647 -0.0147 0.3645, -0.6688 -0.0148 0.3074, -0.6649 -0.0739 0.3074, -0.6608 -0.0734 0.3645, -0.6636 -0.0822 0.3074, -0.6517 -0.1315 0.3645, -0.6558 -0.1323 0.3074, -0.6482 -0.163 0.3074, -0.6375 -0.1886 0.3645, -0.6415 -0.1898 0.3074, -0.6236 -0.2416 0.3074, -0.6184 -0.2442 0.3645, -0.6222 -0.2457 0.3074, -0.5981 -0.2998 0.3074, -0.5944 -0.2979 0.3645, -0.5889 -0.3162 0.3074, -0.5657 -0.3493 0.3645, -0.5692 -0.3514 0.3074, -0.5456 -0.3862 0.3074, -0.5326 -0.3979 0.3645, -0.536 -0.4004 0.3074, -0.4985 -0.4462 0.3074, -0.4954 -0.4434 0.3645, -0.4942 -0.4505 0.3074, -0.4543 -0.4854 0.3645, -0.4571 -0.4885 0.3074, -0.4348 -0.5075 0.3074, -0.4096 -0.5237 0.3645, -0.4121 -0.527 0.3074, -0.3694 -0.5575 0.3074, -0.3617 -0.5578 0.3645, -0.3639 -0.5613 0.3074, -0.3129 -0.5913 0.3074, -0.311 -0.5876 0.3645, -0.298 -0.5984 0.3074, -0.2578 -0.6128 0.3645, -0.2594 -0.6166 0.3074, -0.2221 -0.6304 0.3074, -0.2026 -0.6332 0.3645, -0.2039 -0.6372 0.3074, -0.1468 -0.6527 0.3074, -0.1459 -0.6486 0.3645, -0.1431 -0.6534 0.3074, -0.088 -0.659 0.3645, -0.0885 -0.6631 0.3074, -0.0617 -0.6655 0.3074, -0.0294 -0.6642 0.3645, -0.0296 -0.6683 0.3074, 0.0206 -0.6683 0.3074, 0.0294 -0.6642 0.3645, 0.0296 -0.6683 0.3074, 0.0885 -0.6631 0.3074, 0.088 -0.659 0.3645, 0.1025 -0.6606 0.3074, 0.1459 -0.6486 0.3645, 0.1468 -0.6527 0.3074, 0.1829 -0.6429 0.3074, 0.2026 -0.6332 0.3645, 0.2039 -0.6372 0.3074, 0.2594 -0.6166 0.3074, 0.2578 -0.6128 0.3645, 0.2607 -0.616 0.3074, 0.311 -0.5876 0.3645, 0.3129 -0.5913 0.3074, 0.3342 -0.5788 0.3074, 0.3617 -0.5578 0.3645, 0.3639 -0.5613 0.3074, 0.4029 -0.5335 0.3074, 0.4096 -0.5237 0.3645, 0.4121 -0.527 0.3074, 0.4571 -0.4885 0.3074, 0.4543 -0.4854 0.3645, 0.4654 -0.48 0.3074, 0.4954 -0.4434 0.3645, 0.4985 -0.4462 0.3074, 0.5207 -0.419 0.3074, 0.5326 -0.3979 0.3645, 0.536 -0.4004 0.3074, 0.5688 -0.3522 0.3074, 0.5657 -0.3493 0.3645, 0.5692 -0.3514 0.3074, 0.5981 -0.2998 0.3074, 0.5944 -0.2979 0.3645, 0.6072 -0.2794 0.3074, 0.6184 -0.2442 0.3645, 0.6222 -0.2457 0.3074, 0.6371 -0.2027 0.3074, 0.6375 -0.1886 0.3645, 0.6415 -0.1898 0.3074, 0.6558 -0.1323 0.3074, 0.6517 -0.1315 0.3645, 0.6573 -0.1229 0.3074, 0.6608 -0.0734 0.3645, 0.6649 -0.0739 0.3074, 0.6671 -0.0411 0.3074, 0.6647 -0.0147 0.3645, 0.6688 -0.0148 0.3074, 0.6676 0.0412 0.3074, 0.6634 0.0441 0.3645, 0.6675 0.0444 0.3074, 0.661 0.1032 0.3074, 0.6569 0.1026 0.3645, 0.657 0.1228 0.3074, 0.6452 0.1602 0.3645, 0.6493 0.1612 0.3074, 0.637 0.2027 0.3074, 0.6286 0.2166 0.3645, 0.6325 0.218 0.3074, 0.6108 0.273 0.3074, 0.607 0.2713 0.3645, 0.6075 0.2795 0.3074, 0.5806 0.3239 0.3645, 0.5842 0.3259 0.3074, 0.5682 0.3518 0.3074, 0.5497 0.3739 0.3645, 0.5531 0.3763 0.3074, 0.521 0.4193 0.3074, 0.5145 0.4211 0.3645, 0.5177 0.4237 0.3074, 0.4783 0.4678 0.3074, 0.4753 0.4649 0.3645, 0.4653 0.4799 0.3074, 0.4323 0.5051 0.3645, 0.435 0.5082 0.3074, 0.4028 0.5334 0.3074, 0.386 0.5413 0.3645, 0.3884 0.5447 0.3074, 0.3388 0.5769 0.3074, 0.3367 0.5733 0.3645, 0.3344 0.5792 0.3074, 0.2847 0.6008 0.3645, 0.2864 0.6046 0.3074, 0.2605 0.6155 0.3074, 0.2305 0.6236 0.3645, 0.2319 0.6275 0.3074, 0.183 0.6432 0.3074, 0.1744 0.6415 0.3645, 0.1755 0.6456 0.3074, 0.1178 0.6585 0.3074, 0.1171 0.6544 0.3645, 0.1026 0.6606 0.3074, 0.0588 0.6622 0.3645, 0.0591 0.6664 0.3074, 0.0206 0.6681 0.3074, 0.0 0.669 0.3074, 0.058 0.6532 0.4211, 0.1155 0.6456 0.4211, 0.1721 0.6328 0.4211, 0.2273 0.6151 0.4211, 0.2808 0.5926 0.4211, 0.3321 0.5655 0.4211, 0.3808 0.5339 0.4211, 0.4265 0.4982 0.4211, 0.4688 0.4586 0.4211, 0.5075 0.4153 0.4211, 0.5422 0.3689 0.4211, 0.5727 0.3195 0.4211, 0.5987 0.2676 0.4211, 0.62 0.2137 0.4211, 0.6365 0.158 0.4211, 0.648 0.1012 0.4211, 0.6544 0.0435 0.4211, 0.6556 -0.0145 0.4211, 0.6518 -0.0724 0.4211, 0.6428 -0.1297 0.4211, 0.6289 -0.186 0.4211, 0.61 -0.2409 0.4211, 0.5863 -0.2938 0.4211, 0.558 -0.3445 0.4211, 0.5254 -0.3925 0.4211, 0.4887 -0.4374 0.4211, 0.4481 -0.4789 0.4211, 0.404 -0.5166 0.4211, 0.3568 -0.5503 0.4211, 0.3067 -0.5796 0.4211, 0.2543 -0.6045 0.4211, 0.1999 -0.6246 0.4211, 0.1439 -0.6398 0.4211, 0.0868 -0.65 0.4211, 0.029 -0.6552 0.4211, -0.029 -0.6552 0.4211, -0.0868 -0.65 0.4211, -0.1439 -0.6398 0.4211, -0.1999 -0.6246 0.4211, -0.2543 -0.6045 0.4211, -0.3067 -0.5796 0.4211, -0.3568 -0.5503 0.4211, -0.404 -0.5166 0.4211, -0.4481 -0.4789 0.4211, -0.4887 -0.4374 0.4211, -0.5254 -0.3925 0.4211, -0.558 -0.3445 0.4211, -0.5863 -0.2938 0.4211, -0.61 -0.2409 0.4211, -0.6289 -0.186 0.4211, -0.6428 -0.1297 0.4211, -0.6518 -0.0724 0.4211, -0.6556 -0.0145 0.4211, -0.6544 0.0435 0.4211, -0.648 0.1012 0.4211, -0.6365 0.158 0.4211, -0.62 0.2137 0.4211, -0.5987 0.2676 0.4211, -0.5727 0.3195 0.4211, -0.5422 0.3689 0.4211, -0.5075 0.4153 0.4211, -0.4688 0.4586 0.4211, -0.4265 0.4982 0.4211, -0.3808 0.5339 0.4211, -0.3321 0.5655 0.4211, -0.2808 0.5926 0.4211, -0.2273 0.6151 0.4211, -0.1721 0.6328 0.4211, -0.1155 0.6456 0.4211, -0.058 0.6532 0.4211, 0.0 0.6558 0.4211, 0.0567 0.6395 0.4767, 0.113 0.6319 0.4767, 0.1684 0.6195 0.4767, 0.2225 0.6022 0.4767, 0.2749 0.5801 0.4767, 0.3251 0.5536 0.4767, 0.3727 0.5227 0.4767, 0.4175 0.4877 0.4767, 0.4589 0.4489 0.4767, 0.4968 0.4066 0.4767, 0.5308 0.3611 0.4767, 0.5606 0.3128 0.4767, 0.5861 0.262 0.4767, 0.6069 0.2092 0.4767, 0.6231 0.1547 0.4767, 0.6343 0.099 0.4767, 0.6406 0.0426 0.4767, 0.6418 -0.0142 0.4767, 0.6381 -0.0709 0.4767, 0.6293 -0.127 0.4767, 0.6156 -0.1821 0.4767, 0.5971 -0.2358 0.4767, 0.5739 -0.2876 0.4767, 0.5463 -0.3372 0.4767, 0.5143 -0.3842 0.4767, 0.4783 -0.4282 0.4767, 0.4386 -0.4688 0.4767, 0.3955 -0.5057 0.4767, 0.3492 -0.5387 0.4767, 0.3003 -0.5674 0.4767, 0.249 -0.5917 0.4767, 0.1957 -0.6114 0.4767, 0.1409 -0.6263 0.4767, 0.085 -0.6363 0.4767, 0.0284 -0.6413 0.4767, -0.0284 -0.6413 0.4767, -0.085 -0.6363 0.4767, -0.1409 -0.6263 0.4767, -0.1957 -0.6114 0.4767, -0.249 -0.5917 0.4767, -0.3003 -0.5674 0.4767, -0.3492 -0.5387 0.4767, -0.3955 -0.5057 0.4767, -0.4386 -0.4688 0.4767, -0.4783 -0.4282 0.4767, -0.5143 -0.3842 0.4767, -0.5463 -0.3372 0.4767, -0.5739 -0.2876 0.4767, -0.5971 -0.2358 0.4767, -0.6156 -0.1821 0.4767, -0.6293 -0.127 0.4767, -0.6381 -0.0709 0.4767, -0.6418 -0.0142 0.4767, -0.6406 0.0426 0.4767, -0.6343 0.099 0.4767, -0.6231 0.1547 0.4767, -0.6069 0.2092 0.4767, -0.5861 0.262 0.4767, -0.5606 0.3128 0.4767, -0.5308 0.3611 0.4767, -0.4968 0.4066 0.4767, -0.4589 0.4489 0.4767, -0.4175 0.4877 0.4767, -0.3727 0.5227 0.4767, -0.3251 0.5536 0.4767, -0.2749 0.5801 0.4767, -0.2225 0.6022 0.4767, -0.1684 0.6195 0.4767, -0.113 0.6319 0.4767, -0.0567 0.6395 0.4767, 0.0 0.642 0.4767, 0.0551 0.621 0.5309, 0.1098 0.6137 0.5309, 0.1636 0.6016 0.5309, 0.2161 0.5848 0.5309, 0.2669 0.5634 0.5309, 0.3157 0.5376 0.5309, 0.362 0.5076 0.5309, 0.4054 0.4736 0.5309, 0.4457 0.4359 0.5309, 0.4825 0.3948 0.5309, 0.5155 0.3507 0.5309, 0.5445 0.3037 0.5309, 0.5692 0.2544 0.5309, 0.5894 0.2031 0.5309, 0.6051 0.1502 0.5309, 0.616 0.0962 0.5309, 0.6221 0.0413 0.5309, 0.6233 -0.0138 0.5309, 0.6196 -0.0688 0.5309, 0.6111 -0.1233 0.5309, 0.5978 -0.1768 0.5309, 0.5799 -0.229 0.5309, 0.5574 -0.2793 0.5309, 0.5305 -0.3275 0.5309, 0.4995 -0.3731 0.5309, 0.4645 -0.4158 0.5309, 0.426 -0.4552 0.5309, 0.3841 -0.4911 0.5309, 0.3392 -0.5231 0.5309, 0.2916 -0.551 0.5309, 0.2418 -0.5747 0.5309, 0.19 -0.5938 0.5309, 0.1368 -0.6082 0.5309, 0.0825 -0.618 0.5309, 0.0276 -0.6228 0.5309, -0.0276 -0.6228 0.5309, -0.0825 -0.618 0.5309, -0.1368 -0.6082 0.5309, -0.19 -0.5938 0.5309, -0.2418 -0.5747 0.5309, -0.2916 -0.551 0.5309, -0.3392 -0.5231 0.5309, -0.3841 -0.4911 0.5309, -0.426 -0.4552 0.5309, -0.4645 -0.4158 0.5309, -0.4995 -0.3731 0.5309, -0.5305 -0.3275 0.5309, -0.5574 -0.2793 0.5309, -0.5799 -0.229 0.5309, -0.5978 -0.1768 0.5309, -0.6111 -0.1233 0.5309, -0.6196 -0.0688 0.5309, -0.6233 -0.0138 0.5309, -0.6221 0.0413 0.5309, -0.616 0.0962 0.5309, -0.6051 0.1502 0.5309, -0.5894 0.2031 0.5309, -0.5692 0.2544 0.5309, -0.5445 0.3037 0.5309, -0.5155 0.3507 0.5309, -0.4825 0.3948 0.5309, -0.4457 0.4359 0.5309, -0.4054 0.4736 0.5309, -0.362 0.5076 0.5309, -0.3157 0.5376 0.5309, -0.2669 0.5634 0.5309, -0.2161 0.5848 0.5309, -0.1636 0.6016 0.5309, -0.1098 0.6137 0.5309, -0.0551 0.621 0.5309, 0.0 0.6234 0.5309, 0.0531 0.598 0.5833, 0.1057 0.591 0.5833, 0.1575 0.5793 0.5833, 0.2081 0.5631 0.5833, 0.2571 0.5425 0.5833, 0.304 0.5177 0.5833, 0.3486 0.4888 0.5833, 0.3904 0.4561 0.5833, 0.4292 0.4198 0.5833, 0.4646 0.3802 0.5833, 0.4964 0.3377 0.5833, 0.5243 0.2925 0.5833, 0.5481 0.245 0.5833, 0.5676 0.1956 0.5833, 0.5827 0.1447 0.5833, 0.5932 0.0926 0.5833, 0.599 0.0398 0.5833, 0.6002 -0.0133 0.5833, 0.5967 -0.0663 0.5833, 0.5885 -0.1187 0.5833, 0.5757 -0.1703 0.5833, 0.5584 -0.2205 0.5833, 0.5367 -0.269 0.5833, 0.5108 -0.3154 0.5833, 0.481 -0.3593 0.5833, 0.4473 -0.4004 0.5833, 0.4102 -0.4384 0.5833, 0.3698 -0.4729 0.5833, 0.3266 -0.5037 0.5833, 0.2808 -0.5306 0.5833, 0.2328 -0.5534 0.5833, 0.183 -0.5718 0.5833, 0.1317 -0.5857 0.5833, 0.0795 -0.5951 0.5833, 0.0266 -0.5998 0.5833, -0.0266 -0.5998 0.5833, -0.0795 -0.5951 0.5833, -0.1317 -0.5857 0.5833, -0.183 -0.5718 0.5833, -0.2328 -0.5534 0.5833, -0.2808 -0.5306 0.5833, -0.3266 -0.5037 0.5833, -0.3698 -0.4729 0.5833, -0.4102 -0.4384 0.5833, -0.4473 -0.4004 0.5833, -0.481 -0.3593 0.5833, -0.5108 -0.3154 0.5833, -0.5367 -0.269 0.5833, -0.5584 -0.2205 0.5833, -0.5757 -0.1703 0.5833, -0.5885 -0.1187 0.5833, -0.5967 -0.0663 0.5833, -0.6002 -0.0133 0.5833, -0.599 0.0398 0.5833, -0.5932 0.0926 0.5833, -0.5827 0.1447 0.5833, -0.5676 0.1956 0.5833, -0.5481 0.245 0.5833, -0.5243 0.2925 0.5833, -0.4964 0.3377 0.5833, -0.4646 0.3802 0.5833, -0.4292 0.4198 0.5833, -0.3904 0.4561 0.5833, -0.3486 0.4888 0.5833, -0.304 0.5177 0.5833, -0.2571 0.5425 0.5833, -0.2081 0.5631 0.5833, -0.1575 0.5793 0.5833, -0.1057 0.591 0.5833, -0.0531 0.598 0.5833, 0.0 0.6003 0.5833, 0.0506 0.5706 0.6335, 0.1009 0.5639 0.6335, 0.1503 0.5528 0.6335, 0.1986 0.5373 0.6335, 0.2453 0.5177 0.6335, 0.2901 0.494 0.6335, 0.3326 0.4664 0.6335, 0.3725 0.4352 0.6335, 0.4095 0.4006 0.6335, 0.4433 0.3628 0.6335, 0.4736 0.3222 0.6335, 0.5003 0.2791 0.6335, 0.523 0.2338 0.6335, 0.5416 0.1866 0.6335, 0.556 0.138 0.6335, 0.566 0.0884 0.6335, 0.5716 0.038 0.6335, 0.5727 -0.0127 0.6335, 0.5693 -0.0632 0.6335, 0.5615 -0.1133 0.6335, 0.5493 -0.1625 0.6335, 0.5328 -0.2104 0.6335, 0.5121 -0.2567 0.6335, 0.4874 -0.3009 0.6335, 0.4589 -0.3428 0.6335, 0.4268 -0.3821 0.6335, 0.3914 -0.4183 0.6335, 0.3529 -0.4512 0.6335, 0.3116 -0.4807 0.6335, 0.2679 -0.5063 0.6335, 0.2221 -0.528 0.6335, 0.1746 -0.5456 0.6335, 0.1257 -0.5589 0.6335, 0.0758 -0.5678 0.6335, 0.0253 -0.5723 0.6335, -0.0253 -0.5723 0.6335, -0.0758 -0.5678 0.6335, -0.1257 -0.5589 0.6335, -0.1746 -0.5456 0.6335, -0.2221 -0.528 0.6335, -0.2679 -0.5063 0.6335, -0.3116 -0.4807 0.6335, -0.3529 -0.4512 0.6335, -0.3914 -0.4183 0.6335, -0.4268 -0.3821 0.6335, -0.4589 -0.3428 0.6335, -0.4874 -0.3009 0.6335, -0.5121 -0.2567 0.6335, -0.5328 -0.2104 0.6335, -0.5493 -0.1625 0.6335, -0.5615 -0.1133 0.6335, -0.5693 -0.0632 0.6335, -0.5727 -0.0127 0.6335, -0.5716 0.038 0.6335, -0.566 0.0884 0.6335, -0.556 0.138 0.6335, -0.5416 0.1866 0.6335, -0.523 0.2338 0.6335, -0.5003 0.2791 0.6335, -0.4736 0.3222 0.6335, -0.4433 0.3628 0.6335, -0.4095 0.4006 0.6335, -0.3725 0.4352 0.6335, -0.3326 0.4664 0.6335, -0.2901 0.494 0.6335, -0.2453 0.5177 0.6335, -0.1986 0.5373 0.6335, -0.1503 0.5528 0.6335, -0.1009 0.5639 0.6335, -0.0506 0.5706 0.6335, 0.0 0.5728 0.6335, 0.0478 0.539 0.6812, 0.0953 0.5327 0.6812, 0.142 0.5222 0.6812, 0.1876 0.5076 0.6812, 0.2317 0.489 0.6812, 0.274 0.4666 0.6812, 0.3142 0.4406 0.6812, 0.3519 0.4111 0.6812, 0.3869 0.3784 0.6812, 0.4188 0.3427 0.6812, 0.4474 0.3044 0.6812, 0.4726 0.2636 0.6812, 0.494 0.2208 0.6812, 0.5116 0.1763 0.6812, 0.5252 0.1304 0.6812, 0.5347 0.0835 0.6812, 0.54 0.0359 0.6812, 0.541 -0.012 0.6812, 0.5378 -0.0597 0.6812, 0.5305 -0.107 0.6812, 0.5189 -0.1535 0.6812, 0.5033 -0.1988 0.6812, 0.4838 -0.2425 0.6812, 0.4605 -0.2843 0.6812, 0.4335 -0.3239 0.6812, 0.4032 -0.3609 0.6812, 0.3697 -0.3951 0.6812, 0.3334 -0.4263 0.6812, 0.2944 -0.4541 0.6812, 0.2531 -0.4783 0.6812, 0.2099 -0.4988 0.6812, 0.1649 -0.5154 0.6812, 0.1188 -0.528 0.6812, 0.0716 -0.5364 0.6812, 0.0239 -0.5406 0.6812, -0.0239 -0.5406 0.6812, -0.0716 -0.5364 0.6812, -0.1188 -0.528 0.6812, -0.1649 -0.5154 0.6812, -0.2099 -0.4988 0.6812, -0.2531 -0.4783 0.6812, -0.2944 -0.4541 0.6812, -0.3334 -0.4263 0.6812, -0.3697 -0.3951 0.6812, -0.4032 -0.3609 0.6812, -0.4335 -0.3239 0.6812, -0.4605 -0.2843 0.6812, -0.4838 -0.2425 0.6812, -0.5033 -0.1988 0.6812, -0.5189 -0.1535 0.6812, -0.5305 -0.107 0.6812, -0.5378 -0.0597 0.6812, -0.541 -0.012 0.6812, -0.54 0.0359 0.6812, -0.5347 0.0835 0.6812, -0.5252 0.1304 0.6812, -0.5116 0.1763 0.6812, -0.494 0.2208 0.6812, -0.4726 0.2636 0.6812, -0.4474 0.3044 0.6812, -0.4188 0.3427 0.6812, -0.3869 0.3784 0.6812, -0.3519 0.4111 0.6812, -0.3142 0.4406 0.6812, -0.274 0.4666 0.6812, -0.2317 0.489 0.6812, -0.1876 0.5076 0.6812, -0.142 0.5222 0.6812, -0.0953 0.5327 0.6812, -0.0478 0.539 0.6812, 0.0 0.5412 0.6812, 0.0447 0.5035 0.7261, 0.089 0.4976 0.7261, 0.1326 0.4878 0.7261, 0.1752 0.4742 0.7261, 0.2164 0.4568 0.7261, 0.256 0.4359 0.7261, 0.2935 0.4116 0.7261, 0.3287 0.384 0.7261, 0.3614 0.3535 0.7261, 0.3912 0.3201 0.7261, 0.418 0.2843 0.7261, 0.4415 0.2463 0.7261, 0.4615 0.2063 0.7261, 0.4779 0.1647 0.7261, 0.4906 0.1218 0.7261, 0.4994 0.078 0.7261, 0.5044 0.0335 0.7261, 0.5054 -0.0112 0.7261, 0.5024 -0.0558 0.7261, 0.4955 -0.1 0.7261, 0.4847 -0.1434 0.7261, 0.4702 -0.1857 0.7261, 0.4519 -0.2265 0.7261, 0.4301 -0.2656 0.7261, 0.405 -0.3025 0.7261, 0.3767 -0.3371 0.7261, 0.3454 -0.3691 0.7261, 0.3114 -0.3982 0.7261, 0.275 -0.4242 0.7261, 0.2364 -0.4468 0.7261, 0.196 -0.4659 0.7261, 0.1541 -0.4814 0.7261, 0.1109 -0.4932 0.7261, 0.0669 -0.5011 0.7261, 0.0224 -0.505 0.7261, -0.0224 -0.505 0.7261, -0.0669 -0.5011 0.7261, -0.1109 -0.4932 0.7261, -0.1541 -0.4814 0.7261, -0.196 -0.4659 0.7261, -0.2364 -0.4468 0.7261, -0.275 -0.4242 0.7261, -0.3114 -0.3982 0.7261, -0.3454 -0.3691 0.7261, -0.3767 -0.3371 0.7261, -0.405 -0.3025 0.7261, -0.4301 -0.2656 0.7261, -0.4519 -0.2265 0.7261, -0.4702 -0.1857 0.7261, -0.4847 -0.1434 0.7261, -0.4955 -0.1 0.7261, -0.5024 -0.0558 0.7261, -0.5054 -0.0112 0.7261, -0.5044 0.0335 0.7261, -0.4994 0.078 0.7261, -0.4906 0.1218 0.7261, -0.4779 0.1647 0.7261, -0.4615 0.2063 0.7261, -0.4415 0.2463 0.7261, -0.418 0.2843 0.7261, -0.3912 0.3201 0.7261, -0.3614 0.3535 0.7261, -0.3287 0.384 0.7261, -0.2935 0.4116 0.7261, -0.256 0.4359 0.7261, -0.2164 0.4568 0.7261, -0.1752 0.4742 0.7261, -0.1326 0.4878 0.7261, -0.089 0.4976 0.7261, -0.0447 0.5035 0.7261, 0.0 0.5055 0.7261, 0.0412 0.4643 0.7677, 0.0821 0.4589 0.7677, 0.1223 0.4498 0.7677, 0.1616 0.4372 0.7677, 0.1996 0.4212 0.7677, 0.236 0.402 0.7677, 0.2706 0.3795 0.7677, 0.3031 0.3541 0.7677, 0.3332 0.3259 0.7677, 0.3607 0.2952 0.7677, 0.3854 0.2622 0.7677, 0.4071 0.2271 0.7677, 0.4256 0.1902 0.7677, 0.4407 0.1519 0.7677, 0.4524 0.1123 0.7677, 0.4606 0.0719 0.7677, 0.4651 0.0309 0.7677, 0.466 -0.0103 0.7677, 0.4633 -0.0515 0.7677, 0.4569 -0.0922 0.7677, 0.447 -0.1322 0.7677, 0.4336 -0.1712 0.7677, 0.4167 -0.2089 0.7677, 0.3966 -0.2449 0.7677, 0.3734 -0.279 0.7677, 0.3473 -0.3109 0.7677, 0.3185 -0.3404 0.7677, 0.2872 -0.3672 0.7677, 0.2536 -0.3911 0.7677, 0.218 -0.412 0.7677, 0.1808 -0.4297 0.7677, 0.1421 -0.444 0.7677, 0.1023 -0.4548 0.7677, 0.0617 -0.462 0.7677, 0.0206 -0.4657 0.7677, -0.0206 -0.4657 0.7677, -0.0617 -0.462 0.7677, -0.1023 -0.4548 0.7677, -0.1421 -0.444 0.7677, -0.1808 -0.4297 0.7677, -0.218 -0.412 0.7677, -0.2536 -0.3911 0.7677, -0.2872 -0.3672 0.7677, -0.3185 -0.3404 0.7677, -0.3473 -0.3109 0.7677, -0.3734 -0.279 0.7677, -0.3966 -0.2449 0.7677, -0.4167 -0.2089 0.7677, -0.4336 -0.1712 0.7677, -0.447 -0.1322 0.7677, -0.4569 -0.0922 0.7677, -0.4633 -0.0515 0.7677, -0.466 -0.0103 0.7677, -0.4651 0.0309 0.7677, -0.4606 0.0719 0.7677, -0.4524 0.1123 0.7677, -0.4407 0.1519 0.7677, -0.4256 0.1902 0.7677, -0.4071 0.2271 0.7677, -0.3854 0.2622 0.7677, -0.3607 0.2952 0.7677, -0.3332 0.3259 0.7677, -0.3031 0.3541 0.7677, -0.2706 0.3795 0.7677, -0.236 0.402 0.7677, -0.1996 0.4212 0.7677, -0.1616 0.4372 0.7677, -0.1223 0.4498 0.7677, -0.0821 0.4589 0.7677, -0.0412 0.4643 0.7677, 0.0 0.4661 0.7677, 0.0374 0.4217 0.8058, 0.0745 0.4168 0.8058, 0.1111 0.4085 0.8058, 0.1468 0.3971 0.8058, 0.1813 0.3826 0.8058, 0.2144 0.3651 0.8058, 0.2458 0.3447 0.8058, 0.2753 0.3216 0.8058, 0.3027 0.296 0.8058, 0.3276 0.2681 0.8058, 0.3501 0.2381 0.8058, 0.3697 0.2063 0.8058, 0.3865 0.1728 0.8058, 0.4003 0.1379 0.8058, 0.4109 0.102 0.8058, 0.4183 0.0653 0.8058, 0.4224 0.0281 0.8058, 0.4233 -0.0094 0.8058, 0.4208 -0.0467 0.8058, 0.415 -0.0837 0.8058, 0.406 -0.1201 0.8058, 0.3938 -0.1555 0.8058, 0.3785 -0.1897 0.8058, 0.3602 -0.2224 0.8058, 0.3392 -0.2534 0.8058, 0.3155 -0.2824 0.8058, 0.2893 -0.3091 0.8058, 0.2608 -0.3335 0.8058, 0.2303 -0.3552 0.8058, 0.198 -0.3742 0.8058, 0.1642 -0.3902 0.8058, 0.129 -0.4032 0.8058, 0.0929 -0.4131 0.8058, 0.056 -0.4196 0.8058, 0.0187 -0.423 0.8058, -0.0187 -0.423 0.8058, -0.056 -0.4196 0.8058, -0.0929 -0.4131 0.8058, -0.129 -0.4032 0.8058, -0.1642 -0.3902 0.8058, -0.198 -0.3742 0.8058, -0.2303 -0.3552 0.8058, -0.2608 -0.3335 0.8058, -0.2893 -0.3091 0.8058, -0.3155 -0.2824 0.8058, -0.3392 -0.2534 0.8058, -0.3602 -0.2224 0.8058, -0.3785 -0.1897 0.8058, -0.3938 -0.1555 0.8058, -0.406 -0.1201 0.8058, -0.415 -0.0837 0.8058, -0.4208 -0.0467 0.8058, -0.4233 -0.0094 0.8058, -0.4224 0.0281 0.8058, -0.4183 0.0653 0.8058, -0.4109 0.102 0.8058, -0.4003 0.1379 0.8058, -0.3865 0.1728 0.8058, -0.3697 0.2063 0.8058, -0.3501 0.2381 0.8058, -0.3276 0.2681 0.8058, -0.3027 0.296 0.8058, -0.2753 0.3216 0.8058, -0.2458 0.3447 0.8058, -0.2144 0.3651 0.8058, -0.1813 0.3826 0.8058, -0.1468 0.3971 0.8058, -0.1111 0.4085 0.8058, -0.0745 0.4168 0.8058, -0.0374 0.4217 0.8058, 0.0 0.4234 0.8058, 0.0334 0.376 0.8401, 0.0665 0.3716 0.8401, 0.099 0.3643 0.8401, 0.1309 0.3541 0.8401, 0.1616 0.3411 0.8401, 0.1912 0.3255 0.8401, 0.2192 0.3074 0.8401, 0.2455 0.2868 0.8401, 0.2699 0.264 0.8401, 0.2921 0.2391 0.8401, 0.3121 0.2123 0.8401, 0.3297 0.1839 0.8401, 0.3446 0.1541 0.8401, 0.3569 0.123 0.8401, 0.3664 0.091 0.8401, 0.373 0.0582 0.8401, 0.3767 0.025 0.8401, 0.3774 -0.0084 0.8401, 0.3752 -0.0417 0.8401, 0.37 -0.0747 0.8401, 0.362 -0.1071 0.8401, 0.3511 -0.1387 0.8401, 0.3375 -0.1691 0.8401, 0.3212 -0.1983 0.8401, 0.3024 -0.2259 0.8401, 0.2813 -0.2518 0.8401, 0.2579 -0.2756 0.8401, 0.2326 -0.2974 0.8401, 0.2054 -0.3167 0.8401, 0.1766 -0.3337 0.8401, 0.1464 -0.348 0.8401, 0.1151 -0.3595 0.8401, 0.0828 -0.3683 0.8401, 0.05 -0.3742 0.8401, 0.0167 -0.3771 0.8401, -0.0167 -0.3771 0.8401, -0.05 -0.3742 0.8401, -0.0828 -0.3683 0.8401, -0.1151 -0.3595 0.8401, -0.1464 -0.348 0.8401, -0.1766 -0.3337 0.8401, -0.2054 -0.3167 0.8401, -0.2326 -0.2974 0.8401, -0.2579 -0.2756 0.8401, -0.2813 -0.2518 0.8401, -0.3024 -0.2259 0.8401, -0.3212 -0.1983 0.8401, -0.3375 -0.1691 0.8401, -0.3511 -0.1387 0.8401, -0.362 -0.1071 0.8401, -0.37 -0.0747 0.8401, -0.3752 -0.0417 0.8401, -0.3774 -0.0084 0.8401, -0.3767 0.025 0.8401, -0.373 0.0582 0.8401, -0.3664 0.091 0.8401, -0.3569 0.123 0.8401, -0.3446 0.1541 0.8401, -0.3297 0.1839 0.8401, -0.3121 0.2123 0.8401, -0.2921 0.2391 0.8401, -0.2699 0.264 0.8401, -0.2455 0.2868 0.8401, -0.2192 0.3074 0.8401, -0.1912 0.3255 0.8401, -0.1616 0.3411 0.8401, -0.1309 0.3541 0.8401, -0.099 0.3643 0.8401, -0.0665 0.3716 0.8401, -0.0334 0.376 0.8401, 0.0 0.3775 0.8401, 0.0291 0.3276 0.8703, 0.0579 0.3237 0.8703, 0.0863 0.3173 0.8703, 0.114 0.3085 0.8703, 0.1408 0.2972 0.8703, 0.1665 0.2836 0.8703, 0.1909 0.2678 0.8703, 0.2139 0.2498 0.8703, 0.2351 0.23 0.8703, 0.2545 0.2083 0.8703, 0.2719 0.185 0.8703, 0.2872 0.1602 0.8703, 0.3002 0.1342 0.8703, 0.3109 0.1071 0.8703, 0.3192 0.0792 0.8703, 0.3249 0.0507 0.8703, 0.3281 0.0218 0.8703, 0.3288 -0.0073 0.8703, 0.3268 -0.0363 0.8703, 0.3224 -0.065 0.8703, 0.3154 -0.0933 0.8703, 0.3059 -0.1208 0.8703, 0.294 -0.1474 0.8703, 0.2798 -0.1728 0.8703, 0.2635 -0.1968 0.8703, 0.245 -0.2193 0.8703, 0.2247 -0.2401 0.8703, 0.2026 -0.259 0.8703, 0.1789 -0.2759 0.8703, 0.1538 -0.2907 0.8703, 0.1275 -0.3031 0.8703, 0.1002 -0.3132 0.8703, 0.0722 -0.3208 0.8703, 0.0435 -0.326 0.8703, 0.0145 -0.3285 0.8703, -0.0145 -0.3285 0.8703, -0.0435 -0.326 0.8703, -0.0722 -0.3208 0.8703, -0.1002 -0.3132 0.8703, -0.1275 -0.3031 0.8703, -0.1538 -0.2907 0.8703, -0.1789 -0.2759 0.8703, -0.2026 -0.259 0.8703, -0.2247 -0.2401 0.8703, -0.245 -0.2193 0.8703, -0.2635 -0.1968 0.8703, -0.2798 -0.1728 0.8703, -0.294 -0.1474 0.8703, -0.3059 -0.1208 0.8703, -0.3154 -0.0933 0.8703, -0.3224 -0.065 0.8703, -0.3268 -0.0363 0.8703, -0.3288 -0.0073 0.8703, -0.3281 0.0218 0.8703, -0.3249 0.0507 0.8703, -0.3192 0.0792 0.8703, -0.3109 0.1071 0.8703, -0.3002 0.1342 0.8703, -0.2872 0.1602 0.8703, -0.2719 0.185 0.8703, -0.2545 0.2083 0.8703, -0.2351 0.23 0.8703, -0.2139 0.2498 0.8703, -0.1909 0.2678 0.8703, -0.1665 0.2836 0.8703, -0.1408 0.2972 0.8703, -0.114 0.3085 0.8703, -0.0863 0.3173 0.8703, -0.0579 0.3237 0.8703, -0.0291 0.3276 0.8703, 0.0 0.3289 0.8703, 0.0246 0.2767 0.8963, 0.0489 0.2735 0.8963, 0.0729 0.2681 0.8963, 0.0963 0.2606 0.8963, 0.119 0.2511 0.8963, 0.1407 0.2396 0.8963, 0.1613 0.2262 0.8963, 0.1807 0.2111 0.8963, 0.1986 0.1943 0.8963, 0.215 0.1759 0.8963, 0.2297 0.1563 0.8963, 0.2426 0.1353 0.8963, 0.2536 0.1134 0.8963, 0.2627 0.0905 0.8963, 0.2696 0.0669 0.8963, 0.2745 0.0429 0.8963, 0.2772 0.0184 0.8963, 0.2777 -0.0061 0.8963, 0.2761 -0.0307 0.8963, 0.2723 -0.055 0.8963, 0.2664 -0.0788 0.8963, 0.2584 -0.102 0.8963, 0.2484 -0.1245 0.8963, 0.2364 -0.1459 0.8963, 0.2226 -0.1663 0.8963, 0.207 -0.1853 0.8963, 0.1898 -0.2029 0.8963, 0.1711 -0.2188 0.8963, 0.1511 -0.2331 0.8963, 0.1299 -0.2456 0.8963, 0.1077 -0.2561 0.8963, 0.0847 -0.2646 0.8963, 0.061 -0.271 0.8963, 0.0368 -0.2754 0.8963, 0.0123 -0.2775 0.8963, -0.0123 -0.2775 0.8963, -0.0368 -0.2754 0.8963, -0.061 -0.271 0.8963, -0.0847 -0.2646 0.8963, -0.1077 -0.2561 0.8963, -0.1299 -0.2456 0.8963, -0.1511 -0.2331 0.8963, -0.1711 -0.2188 0.8963, -0.1898 -0.2029 0.8963, -0.207 -0.1853 0.8963, -0.2226 -0.1663 0.8963, -0.2364 -0.1459 0.8963, -0.2484 -0.1245 0.8963, -0.2584 -0.102 0.8963, -0.2664 -0.0788 0.8963, -0.2723 -0.055 0.8963, -0.2761 -0.0307 0.8963, -0.2777 -0.0061 0.8963, -0.2772 0.0184 0.8963, -0.2745 0.0429 0.8963, -0.2696 0.0669 0.8963, -0.2627 0.0905 0.8963, -0.2536 0.1134 0.8963, -0.2426 0.1353 0.8963, -0.2297 0.1563 0.8963, -0.215 0.1759 0.8963, -0.1986 0.1943 0.8963, -0.1807 0.2111 0.8963, -0.1613 0.2262 0.8963, -0.1407 0.2396 0.8963, -0.119 0.2511 0.8963, -0.0963 0.2606 0.8963, -0.0729 0.2681 0.8963, -0.0489 0.2735 0.8963, -0.0246 0.2767 0.8963, 0.0 0.2778 0.8963, 0.0199 0.2239 0.9178, 0.0396 0.2212 0.9178, 0.059 0.2169 0.9178, 0.0779 0.2108 0.9178, 0.0962 0.2031 0.9178, 0.1138 0.1938 0.9178, 0.1305 0.183 0.9178, 0.1461 0.1707 0.9178, 0.1607 0.1571 0.9178, 0.1739 0.1423 0.9178, 0.1858 0.1264 0.9178, 0.1963 0.1095 0.9178, 0.2052 0.0917 0.9178, 0.2125 0.0732 0.9178, 0.2181 0.0542 0.9178, 0.222 0.0347 0.9178, 0.2242 0.0149 0.9178, 0.2247 -0.005 0.9178, 0.2234 -0.0248 0.9178, 0.2203 -0.0445 0.9178, 0.2155 -0.0637 0.9178, 0.209 -0.0825 0.9178, 0.2009 -0.1007 0.9178, 0.1912 -0.1181 0.9178, 0.18 -0.1345 0.9178, 0.1675 -0.1499 0.9178, 0.1535 -0.1641 0.9178, 0.1384 -0.177 0.9178, 0.1223 -0.1886 0.9178, 0.1051 -0.1986 0.9178, 0.0871 -0.2071 0.9178, 0.0685 -0.214 0.9178, 0.0493 -0.2193 0.9178, 0.0297 -0.2228 0.9178, 0.0099 -0.2245 0.9178, -0.0099 -0.2245 0.9178, -0.0297 -0.2228 0.9178, -0.0493 -0.2193 0.9178, -0.0685 -0.214 0.9178, -0.0871 -0.2071 0.9178, -0.1051 -0.1986 0.9178, -0.1223 -0.1886 0.9178, -0.1384 -0.177 0.9178, -0.1535 -0.1641 0.9178, -0.1675 -0.1499 0.9178, -0.18 -0.1345 0.9178, -0.1912 -0.1181 0.9178, -0.2009 -0.1007 0.9178, -0.209 -0.0825 0.9178, -0.2155 -0.0637 0.9178, -0.2203 -0.0445 0.9178, -0.2234 -0.0248 0.9178, -0.2247 -0.005 0.9178, -0.2242 0.0149 0.9178, -0.222 0.0347 0.9178, -0.2181 0.0542 0.9178, -0.2125 0.0732 0.9178, -0.2052 0.0917 0.9178, -0.1963 0.1095 0.9178, -0.1858 0.1264 0.9178, -0.1739 0.1423 0.9178, -0.1607 0.1571 0.9178, -0.1461 0.1707 0.9178, -0.1305 0.183 0.9178, -0.1138 0.1938 0.9178, -0.0962 0.2031 0.9178, -0.0779 0.2108 0.9178, -0.059 0.2169 0.9178, -0.0396 0.2212 0.9178, -0.0199 0.2239 0.9178, 0.0 0.2247 0.9178, 0.015 0.1693 0.9347, 0.0299 0.1673 0.9347, 0.0446 0.164 0.9347, 0.0589 0.1595 0.9347, 0.0728 0.1536 0.9347, 0.0861 0.1466 0.9347, 0.0987 0.1384 0.9347, 0.1106 0.1292 0.9347, 0.1215 0.1189 0.9347, 0.1316 0.1077 0.9347, 0.1406 0.0956 0.9347, 0.1485 0.0828 0.9347, 0.1552 0.0694 0.9347, 0.1607 0.0554 0.9347, 0.165 0.041 0.9347, 0.168 0.0262 0.9347, 0.1696 0.0113 0.9347, 0.17 -0.0038 0.9347, 0.169 -0.0188 0.9347, 0.1666 -0.0336 0.9347, 0.163 -0.0482 0.9347, 0.1581 -0.0624 0.9347, 0.152 -0.0762 0.9347, 0.1447 -0.0893 0.9347, 0.1362 -0.1017 0.9347, 0.1267 -0.1134 0.9347, 0.1162 -0.1241 0.9347, 0.1047 -0.1339 0.9347, 0.0925 -0.1426 0.9347, 0.0795 -0.1503 0.9347, 0.0659 -0.1567 0.9347, 0.0518 -0.1619 0.9347, 0.0373 -0.1659 0.9347, 0.0225 -0.1685 0.9347, 0.0075 -0.1698 0.9347, -0.0075 -0.1698 0.9347, -0.0225 -0.1685 0.9347, -0.0373 -0.1659 0.9347, -0.0518 -0.1619 0.9347, -0.0659 -0.1567 0.9347, -0.0795 -0.1503 0.9347, -0.0925 -0.1426 0.9347, -0.1047 -0.1339 0.9347, -0.1162 -0.1241 0.9347, -0.1267 -0.1134 0.9347, -0.1362 -0.1017 0.9347, -0.1447 -0.0893 0.9347, -0.152 -0.0762 0.9347, -0.1581 -0.0624 0.9347, -0.163 -0.0482 0.9347, -0.1666 -0.0336 0.9347, -0.169 -0.0188 0.9347, -0.17 -0.0038 0.9347, -0.1696 0.0113 0.9347, -0.168 0.0262 0.9347, -0.165 0.041 0.9347, -0.1607 0.0554 0.9347, -0.1552 0.0694 0.9347, -0.1485 0.0828 0.9347, -0.1406 0.0956 0.9347, -0.1316 0.1077 0.9347, -0.1215 0.1189 0.9347, -0.1106 0.1292 0.9347, -0.0987 0.1384 0.9347, -0.0861 0.1466 0.9347, -0.0728 0.1536 0.9347, -0.0589 0.1595 0.9347, -0.0446 0.164 0.9347, -0.0299 0.1673 0.9347, -0.015 0.1693 0.9347, 0.0 0.17 0.9347, 0.0101 0.1136 0.9469, 0.0201 0.1123 0.9469, 0.0299 0.11 0.9469, 0.0395 0.107 0.9469, 0.0488 0.1031 0.9469, 0.0577 0.0983 0.9469, 0.0662 0.0928 0.9469, 0.0742 0.0866 0.9469, 0.0815 0.0797 0.9469, 0.0882 0.0722 0.9469, 0.0943 0.0641 0.9469, 0.0996 0.0556 0.9469, 0.1041 0.0465 0.9469, 0.1078 0.0372 0.9469, 0.1107 0.0275 0.9469, 0.1127 0.0176 0.9469, 0.1138 0.0076 0.9469, 0.114 -0.0025 0.9469, 0.1133 -0.0126 0.9469, 0.1118 -0.0226 0.9469, 0.1093 -0.0323 0.9469, 0.1061 -0.0419 0.9469, 0.1019 -0.0511 0.9469, 0.097 -0.0599 0.9469, 0.0914 -0.0682 0.9469, 0.085 -0.0761 0.9469, 0.0779 -0.0833 0.9469, 0.0703 -0.0898 0.9469, 0.062 -0.0957 0.9469, 0.0533 -0.1008 0.9469, 0.0442 -0.1051 0.9469, 0.0348 -0.1086 0.9469, 0.025 -0.1113 0.9469, 0.0151 -0.113 0.9469, 0.005 -0.1139 0.9469, -0.005 -0.1139 0.9469, -0.0151 -0.113 0.9469, -0.025 -0.1113 0.9469, -0.0348 -0.1086 0.9469, -0.0442 -0.1051 0.9469, -0.0533 -0.1008 0.9469, -0.062 -0.0957 0.9469, -0.0703 -0.0898 0.9469, -0.0779 -0.0833 0.9469, -0.085 -0.0761 0.9469, -0.0914 -0.0682 0.9469, -0.097 -0.0599 0.9469, -0.1019 -0.0511 0.9469, -0.1061 -0.0419 0.9469, -0.1093 -0.0323 0.9469, -0.1118 -0.0226 0.9469, -0.1133 -0.0126 0.9469, -0.114 -0.0025 0.9469, -0.1138 0.0076 0.9469, -0.1127 0.0176 0.9469, -0.1107 0.0275 0.9469, -0.1078 0.0372 0.9469, -0.1041 0.0465 0.9469, -0.0996 0.0556 0.9469, -0.0943 0.0641 0.9469, -0.0882 0.0722 0.9469, -0.0815 0.0797 0.9469, -0.0742 0.0866 0.9469, -0.0662 0.0928 0.9469, -0.0577 0.0983 0.9469, -0.0488 0.1031 0.9469, -0.0395 0.107 0.9469, -0.0299 0.11 0.9469, -0.0201 0.1123 0.9469, -0.0101 0.1136 0.9469, 0.0 0.114 0.9469, -0.6682 0.1681 0.2874, -0.229 0.6498 0.2874, 0.1885 0.6627 0.2874, 0.5368 0.4319 0.2874, 0.5858 -0.3627 0.2874, 0.4152 -0.5498 0.2874, 0.0212 -0.6886 0.2874, 0.1057 -0.6808 0.2874, 0.1885 -0.6627 0.2874, 0.2686 -0.6345 0.2874, 0.3445 -0.5967 0.2874, 0.4796 -0.4946 0.2874, 0.5368 -0.4319 0.2874, 0.6259 -0.288 0.2874, 0.6772 -0.1266 0.2874, 0.6566 -0.2089 0.2874, 0.6877 -0.0424 0.2874, 0.689 0.0 0.2874, 0.6877 0.0424 0.2874, 0.6772 0.1266 0.2874, 0.6259 0.288 0.2874, 0.6566 0.2089 0.2874, 0.5858 0.3627 0.2874, 0.4796 0.4946 0.2874, 0.4152 0.5498 0.2874, 0.3445 0.5967 0.2874, 0.2686 0.6345 0.2874, 0.1057 0.6808 0.2874, 0.0212 0.6886 0.2874, 0.0 0.689 0.2874, -0.0636 0.686 0.2874, -0.1474 0.673 0.2874, -0.3071 0.6167 0.2874, -0.3806 0.5743 0.2874, -0.4483 0.5232 0.2874, -0.5092 0.4642 0.2874, -0.607 0.326 0.2874, -0.5623 0.3981 0.2874, -0.6425 0.2489 0.2874, -0.6838 0.0847 0.2874
            ]
        }
        coordIndex [
            0,1,2,-1,3,0,4,-1,5,6,7,-1,8,9,2,-1,9,10,2,-1,2,10,11,-1,2,11,12,-1,5,13,6,-1,6,13,14,-1,6,14,15,-1,15,14,16,-1,15,16,17,-1,17,16,18,-1,17,18,19,-1,4,20,3,-1,3,20,21,-1,3,21,22,-1,19,18,23,-1,23,18,24,-1,23,24,25,-1,7,26,5,-1,5,26,27,-1,5,27,28,-1,28,27,29,-1,28,29,30,-1,12,31,2,-1,2,31,32,-1,2,32,0,-1,0,32,33,-1,0,33,4,-1,34,28,2,-1,2,28,30,-1,2,30,8,-1,25,24,35,-1,35,24,36,-1,35,36,37,-1,37,36,21,-1,21,36,38,-1,21,38,22,-1,39,40,41,-1,39,41,42,-1,43,42,41,-1,44,43,41,-1,45,44,41,-1,46,45,41,-1,47,46,41,-1,48,47,41,-1,49,48,41,-1,50,49,41,-1,51,50,41,-1,52,51,41,-1,53,52,41,-1,54,53,41,-1,55,54,41,-1,56,55,41,-1,57,56,41,-1,58,57,41,-1,59,58,41,-1,60,59,41,-1,61,60,41,-1,62,61,41,-1,63,62,41,-1,64,63,41,-1,65,64,41,-1,66,65,41,-1,67,66,41,-1,68,67,41,-1,69,68,41,-1,70,69,41,-1,71,70,41,-1,72,71,41,-1,73,72,41,-1,74,73,41,-1,75,74,41,-1,76,75,41,-1,77,76,41,-1,78,77,41,-1,79,78,41,-1,80,79,41,-1,81,80,41,-1,82,81,41,-1,83,82,41,-1,84,83,41,-1,85,84,41,-1,86,85,41,-1,87,86,41,-1,88,87,41,-1,89,88,41,-1,90,89,41,-1,91,90,41,-1,92,91,41,-1,93,92,41,-1,94,93,41,-1,95,94,41,-1,96,95,41,-1,97,96,41,-1,98,97,41,-1,99,98,41,-1,100,99,41,-1,101,100,41,-1,102,101,41,-1,103,102,41,-1,104,103,41,-1,105,104,41,-1,106,105,41,-1,107,106,41,-1,108,107,41,-1,109,108,41,-1,110,109,41,-1,40,110,41,-1,111,112,113,-1,113,112,114,-1,113,114,115,-1,114,116,115,-1,115,116,117,-1,115,117,118,-1,117,119,118,-1,118,119,120,-1,118,120,121,-1,120,122,121,-1,121,122,123,-1,121,123,124,-1,124,123,125,-1,124,125,126,-1,125,127,126,-1,126,127,128,-1,126,128,129,-1,128,130,129,-1,129,130,131,-1,129,131,132,-1,132,131,133,-1,132,133,134,-1,133,135,134,-1,134,135,136,-1,134,136,137,-1,136,138,137,-1,137,138,139,-1,137,139,140,-1,139,141,140,-1,140,141,142,-1,140,142,143,-1,143,142,144,-1,143,144,145,-1,144,146,145,-1,145,146,147,-1,145,147,148,-1,147,149,148,-1,148,149,150,-1,148,150,151,-1,150,152,151,-1,151,152,153,-1,151,153,154,-1,154,153,155,-1,154,155,156,-1,155,157,156,-1,156,157,158,-1,156,158,159,-1,158,160,159,-1,159,160,161,-1,159,161,162,-1,162,161,163,-1,162,163,164,-1,163,165,164,-1,164,165,166,-1,164,166,167,-1,166,168,167,-1,167,168,169,-1,167,169,170,-1,169,171,170,-1,170,171,172,-1,170,172,173,-1,173,172,174,-1,173,174,175,-1,174,176,175,-1,175,176,177,-1,175,177,178,-1,177,179,178,-1,178,179,180,-1,178,180,181,-1,181,180,182,-1,181,182,183,-1,182,184,183,-1,183,184,185,-1,183,185,186,-1,185,187,186,-1,186,187,188,-1,186,188,189,-1,188,190,189,-1,189,190,191,-1,189,191,192,-1,192,191,193,-1,192,193,194,-1,193,195,194,-1,194,195,196,-1,194,196,197,-1,196,198,197,-1,197,198,199,-1,197,199,200,-1,200,199,201,-1,200,201,202,-1,201,203,202,-1,202,203,204,-1,202,204,205,-1,204,206,205,-1,205,206,207,-1,205,207,208,-1,207,209,208,-1,208,209,210,-1,208,210,211,-1,211,210,212,-1,211,212,213,-1,212,214,213,-1,213,214,215,-1,213,215,216,-1,215,217,216,-1,216,217,218,-1,216,218,219,-1,219,218,220,-1,219,220,221,-1,220,222,221,-1,221,222,223,-1,221,223,224,-1,223,225,224,-1,224,225,226,-1,224,226,227,-1,226,228,227,-1,227,228,229,-1,227,229,230,-1,230,229,231,-1,230,231,232,-1,231,233,232,-1,232,233,234,-1,232,234,235,-1,234,236,235,-1,235,236,237,-1,235,237,238,-1,237,239,238,-1,238,239,240,-1,238,240,241,-1,241,240,242,-1,241,242,243,-1,242,244,243,-1,243,244,245,-1,243,245,246,-1,245,247,246,-1,246,247,248,-1,246,248,249,-1,249,248,250,-1,249,250,251,-1,250,252,251,-1,251,252,253,-1,251,253,254,-1,253,255,254,-1,254,255,256,-1,254,256,257,-1,256,258,257,-1,257,258,259,-1,257,259,260,-1,260,259,261,-1,260,261,262,-1,261,263,262,-1,262,263,264,-1,262,264,265,-1,264,266,265,-1,265,266,267,-1,265,267,268,-1,268,267,269,-1,268,269,270,-1,269,271,270,-1,270,271,272,-1,270,272,273,-1,272,274,273,-1,273,274,275,-1,273,275,276,-1,275,277,276,-1,276,277,278,-1,276,278,279,-1,279,278,280,-1,279,280,281,-1,280,282,281,-1,281,282,283,-1,281,283,284,-1,283,285,284,-1,284,285,286,-1,284,286,287,-1,287,286,288,-1,287,288,289,-1,288,290,289,-1,289,290,291,-1,289,291,292,-1,291,293,292,-1,292,293,294,-1,292,294,295,-1,294,296,295,-1,295,296,297,-1,295,297,298,-1,298,297,299,-1,298,299,300,-1,299,301,300,-1,300,301,302,-1,300,302,111,-1,111,302,303,-1,111,303,112,-1,111,304,300,-1,300,304,305,-1,300,305,298,-1,298,305,306,-1,298,306,295,-1,295,306,307,-1,295,307,292,-1,292,307,308,-1,292,308,289,-1,289,308,309,-1,289,309,287,-1,287,309,310,-1,287,310,284,-1,284,310,311,-1,284,311,281,-1,281,311,312,-1,281,312,279,-1,279,312,313,-1,279,313,276,-1,276,313,314,-1,276,314,273,-1,273,314,315,-1,273,315,270,-1,270,315,316,-1,270,316,268,-1,268,316,317,-1,268,317,265,-1,265,317,318,-1,265,318,262,-1,262,318,319,-1,262,319,260,-1,260,319,320,-1,260,320,257,-1,257,320,321,-1,257,321,254,-1,254,321,322,-1,254,322,251,-1,251,322,323,-1,251,323,249,-1,249,323,324,-1,249,324,246,-1,246,324,325,-1,246,325,243,-1,243,325,326,-1,243,326,241,-1,241,326,327,-1,241,327,238,-1,238,327,328,-1,238,328,235,-1,235,328,329,-1,235,329,232,-1,232,329,330,-1,232,330,230,-1,230,330,331,-1,230,331,227,-1,227,331,332,-1,227,332,224,-1,224,332,333,-1,224,333,221,-1,221,333,334,-1,221,334,219,-1,219,334,335,-1,219,335,216,-1,216,335,336,-1,216,336,213,-1,213,336,337,-1,213,337,211,-1,211,337,338,-1,211,338,208,-1,208,338,339,-1,208,339,205,-1,205,339,340,-1,205,340,202,-1,202,340,341,-1,202,341,200,-1,200,341,342,-1,200,342,197,-1,197,342,343,-1,197,343,194,-1,194,343,344,-1,194,344,192,-1,192,344,345,-1,192,345,189,-1,189,345,346,-1,189,346,186,-1,186,346,347,-1,186,347,183,-1,183,347,348,-1,183,348,181,-1,181,348,349,-1,181,349,178,-1,178,349,350,-1,178,350,175,-1,175,350,351,-1,175,351,173,-1,173,351,352,-1,173,352,170,-1,170,352,353,-1,170,353,167,-1,167,353,354,-1,167,354,164,-1,164,354,355,-1,164,355,162,-1,162,355,356,-1,162,356,159,-1,159,356,357,-1,159,357,156,-1,156,357,358,-1,156,358,154,-1,154,358,359,-1,154,359,151,-1,151,359,360,-1,151,360,148,-1,148,360,361,-1,148,361,145,-1,145,361,362,-1,145,362,143,-1,143,362,363,-1,143,363,140,-1,140,363,364,-1,140,364,137,-1,137,364,365,-1,137,365,134,-1,134,365,366,-1,134,366,132,-1,132,366,367,-1,132,367,129,-1,129,367,368,-1,129,368,126,-1,126,368,369,-1,126,369,124,-1,124,369,370,-1,124,370,121,-1,121,370,371,-1,121,371,118,-1,118,371,372,-1,118,372,115,-1,115,372,373,-1,115,373,113,-1,113,373,374,-1,113,374,111,-1,111,374,304,-1,374,375,304,-1,304,375,376,-1,304,376,305,-1,305,376,377,-1,305,377,306,-1,306,377,378,-1,306,378,307,-1,307,378,379,-1,307,379,308,-1,308,379,380,-1,308,380,309,-1,309,380,381,-1,309,381,310,-1,310,381,382,-1,310,382,311,-1,311,382,383,-1,311,383,312,-1,312,383,384,-1,312,384,313,-1,313,384,385,-1,313,385,314,-1,314,385,386,-1,314,386,315,-1,315,386,387,-1,315,387,316,-1,316,387,388,-1,316,388,317,-1,317,388,389,-1,317,389,318,-1,318,389,390,-1,318,390,319,-1,319,390,391,-1,319,391,320,-1,320,391,392,-1,320,392,321,-1,321,392,393,-1,321,393,322,-1,322,393,394,-1,322,394,323,-1,323,394,395,-1,323,395,324,-1,324,395,396,-1,324,396,325,-1,325,396,397,-1,325,397,326,-1,326,397,398,-1,326,398,327,-1,327,398,399,-1,327,399,328,-1,328,399,400,-1,328,400,329,-1,329,400,401,-1,329,401,330,-1,330,401,402,-1,330,402,331,-1,331,402,403,-1,331,403,332,-1,332,403,404,-1,332,404,333,-1,333,404,405,-1,333,405,334,-1,334,405,406,-1,334,406,335,-1,335,406,407,-1,335,407,336,-1,336,407,408,-1,336,408,337,-1,337,408,409,-1,337,409,338,-1,338,409,410,-1,338,410,339,-1,339,410,411,-1,339,411,340,-1,340,411,412,-1,340,412,341,-1,341,412,413,-1,341,413,342,-1,342,413,414,-1,342,414,343,-1,343,414,415,-1,343,415,344,-1,344,415,416,-1,344,416,345,-1,345,416,417,-1,345,417,346,-1,346,417,418,-1,346,418,347,-1,347,418,419,-1,347,419,348,-1,348,419,420,-1,348,420,349,-1,349,420,421,-1,349,421,350,-1,350,421,422,-1,350,422,351,-1,351,422,423,-1,351,423,352,-1,352,423,424,-1,352,424,353,-1,353,424,425,-1,353,425,354,-1,354,425,426,-1,354,426,355,-1,355,426,427,-1,355,427,356,-1,356,427,428,-1,356,428,357,-1,357,428,429,-1,357,429,358,-1,358,429,430,-1,358,430,359,-1,359,430,431,-1,359,431,360,-1,360,431,432,-1,360,432,361,-1,361,432,433,-1,361,433,362,-1,362,433,434,-1,362,434,363,-1,363,434,435,-1,363,435,364,-1,364,435,436,-1,364,436,365,-1,365,436,437,-1,365,437,366,-1,366,437,438,-1,366,438,367,-1,367,438,439,-1,367,439,368,-1,368,439,440,-1,368,440,369,-1,369,440,441,-1,369,441,370,-1,370,441,442,-1,370,442,371,-1,371,442,443,-1,371,443,372,-1,372,443,444,-1,372,444,373,-1,373,444,445,-1,373,445,374,-1,374,445,375,-1,445,446,375,-1,375,446,447,-1,375,447,376,-1,376,447,448,-1,376,448,377,-1,377,448,449,-1,377,449,378,-1,378,449,450,-1,378,450,379,-1,379,450,451,-1,379,451,380,-1,380,451,452,-1,380,452,381,-1,381,452,453,-1,381,453,382,-1,382,453,454,-1,382,454,383,-1,383,454,455,-1,383,455,384,-1,384,455,456,-1,384,456,385,-1,385,456,457,-1,385,457,386,-1,386,457,458,-1,386,458,387,-1,387,458,459,-1,387,459,388,-1,388,459,460,-1,388,460,389,-1,389,460,461,-1,389,461,390,-1,390,461,462,-1,390,462,391,-1,391,462,463,-1,391,463,392,-1,392,463,464,-1,392,464,393,-1,393,464,465,-1,393,465,394,-1,394,465,466,-1,394,466,395,-1,395,466,467,-1,395,467,396,-1,396,467,468,-1,396,468,397,-1,397,468,469,-1,397,469,398,-1,398,469,470,-1,398,470,399,-1,399,470,471,-1,399,471,400,-1,400,471,472,-1,400,472,401,-1,401,472,473,-1,401,473,402,-1,402,473,474,-1,402,474,403,-1,403,474,475,-1,403,475,404,-1,404,475,476,-1,404,476,405,-1,405,476,477,-1,405,477,406,-1,406,477,478,-1,406,478,407,-1,407,478,479,-1,407,479,408,-1,408,479,480,-1,408,480,409,-1,409,480,481,-1,409,481,410,-1,410,481,482,-1,410,482,411,-1,411,482,483,-1,411,483,412,-1,412,483,484,-1,412,484,413,-1,413,484,485,-1,413,485,414,-1,414,485,486,-1,414,486,415,-1,415,486,487,-1,415,487,416,-1,416,487,488,-1,416,488,417,-1,417,488,489,-1,417,489,418,-1,418,489,490,-1,418,490,419,-1,419,490,491,-1,419,491,420,-1,420,491,492,-1,420,492,421,-1,421,492,493,-1,421,493,422,-1,422,493,494,-1,422,494,423,-1,423,494,495,-1,423,495,424,-1,424,495,496,-1,424,496,425,-1,425,496,497,-1,425,497,426,-1,426,497,498,-1,426,498,427,-1,427,498,499,-1,427,499,428,-1,428,499,500,-1,428,500,429,-1,429,500,501,-1,429,501,430,-1,430,501,502,-1,430,502,431,-1,431,502,503,-1,431,503,432,-1,432,503,504,-1,432,504,433,-1,433,504,505,-1,433,505,434,-1,434,505,506,-1,434,506,435,-1,435,506,507,-1,435,507,436,-1,436,507,508,-1,436,508,437,-1,437,508,509,-1,437,509,438,-1,438,509,510,-1,438,510,439,-1,439,510,511,-1,439,511,440,-1,440,511,512,-1,440,512,441,-1,441,512,513,-1,441,513,442,-1,442,513,514,-1,442,514,443,-1,443,514,515,-1,443,515,444,-1,444,515,516,-1,444,516,445,-1,445,516,446,-1,516,517,446,-1,446,517,518,-1,446,518,447,-1,447,518,519,-1,447,519,448,-1,448,519,520,-1,448,520,449,-1,449,520,521,-1,449,521,450,-1,450,521,522,-1,450,522,451,-1,451,522,523,-1,451,523,452,-1,452,523,524,-1,452,524,453,-1,453,524,525,-1,453,525,454,-1,454,525,526,-1,454,526,455,-1,455,526,527,-1,455,527,456,-1,456,527,528,-1,456,528,457,-1,457,528,529,-1,457,529,458,-1,458,529,530,-1,458,530,459,-1,459,530,531,-1,459,531,460,-1,460,531,532,-1,460,532,461,-1,461,532,533,-1,461,533,462,-1,462,533,534,-1,462,534,463,-1,463,534,535,-1,463,535,464,-1,464,535,536,-1,464,536,465,-1,465,536,537,-1,465,537,466,-1,466,537,538,-1,466,538,467,-1,467,538,539,-1,467,539,468,-1,468,539,540,-1,468,540,469,-1,469,540,541,-1,469,541,470,-1,470,541,542,-1,470,542,471,-1,471,542,543,-1,471,543,472,-1,472,543,544,-1,472,544,473,-1,473,544,545,-1,473,545,474,-1,474,545,546,-1,474,546,475,-1,475,546,547,-1,475,547,476,-1,476,547,548,-1,476,548,477,-1,477,548,549,-1,477,549,478,-1,478,549,550,-1,478,550,479,-1,479,550,551,-1,479,551,480,-1,480,551,552,-1,480,552,481,-1,481,552,553,-1,481,553,482,-1,482,553,554,-1,482,554,483,-1,483,554,555,-1,483,555,484,-1,484,555,556,-1,484,556,485,-1,485,556,557,-1,485,557,486,-1,486,557,558,-1,486,558,487,-1,487,558,559,-1,487,559,488,-1,488,559,560,-1,488,560,489,-1,489,560,561,-1,489,561,490,-1,490,561,562,-1,490,562,491,-1,491,562,563,-1,491,563,492,-1,492,563,564,-1,492,564,493,-1,493,564,565,-1,493,565,494,-1,494,565,566,-1,494,566,495,-1,495,566,567,-1,495,567,496,-1,496,567,568,-1,496,568,497,-1,497,568,569,-1,497,569,498,-1,498,569,570,-1,498,570,499,-1,499,570,571,-1,499,571,500,-1,500,571,572,-1,500,572,501,-1,501,572,573,-1,501,573,502,-1,502,573,574,-1,502,574,503,-1,503,574,575,-1,503,575,504,-1,504,575,576,-1,504,576,505,-1,505,576,577,-1,505,577,506,-1,506,577,578,-1,506,578,507,-1,507,578,579,-1,507,579,508,-1,508,579,580,-1,508,580,509,-1,509,580,581,-1,509,581,510,-1,510,581,582,-1,510,582,511,-1,511,582,583,-1,511,583,512,-1,512,583,584,-1,512,584,513,-1,513,584,585,-1,513,585,514,-1,514,585,586,-1,514,586,515,-1,515,586,587,-1,515,587,516,-1,516,587,517,-1,587,588,517,-1,517,588,589,-1,517,589,518,-1,518,589,590,-1,518,590,519,-1,519,590,591,-1,519,591,520,-1,520,591,592,-1,520,592,521,-1,521,592,593,-1,521,593,522,-1,522,593,594,-1,522,594,523,-1,523,594,595,-1,523,595,524,-1,524,595,596,-1,524,596,525,-1,525,596,597,-1,525,597,526,-1,526,597,598,-1,526,598,527,-1,527,598,599,-1,527,599,528,-1,528,599,600,-1,528,600,529,-1,529,600,601,-1,529,601,530,-1,530,601,602,-1,530,602,531,-1,531,602,603,-1,531,603,532,-1,532,603,604,-1,532,604,533,-1,533,604,605,-1,533,605,534,-1,534,605,606,-1,534,606,535,-1,535,606,607,-1,535,607,536,-1,536,607,608,-1,536,608,537,-1,537,608,609,-1,537,609,538,-1,538,609,610,-1,538,610,539,-1,539,610,611,-1,539,611,540,-1,540,611,612,-1,540,612,541,-1,541,612,613,-1,541,613,542,-1,542,613,614,-1,542,614,543,-1,543,614,615,-1,543,615,544,-1,544,615,616,-1,544,616,545,-1,545,616,617,-1,545,617,546,-1,546,617,618,-1,546,618,547,-1,547,618,619,-1,547,619,548,-1,548,619,620,-1,548,620,549,-1,549,620,621,-1,549,621,550,-1,550,621,622,-1,550,622,551,-1,551,622,623,-1,551,623,552,-1,552,623,624,-1,552,624,553,-1,553,624,625,-1,553,625,554,-1,554,625,626,-1,554,626,555,-1,555,626,627,-1,555,627,556,-1,556,627,628,-1,556,628,557,-1,557,628,629,-1,557,629,558,-1,558,629,630,-1,558,630,559,-1,559,630,631,-1,559,631,560,-1,560,631,632,-1,560,632,561,-1,561,632,633,-1,561,633,562,-1,562,633,634,-1,562,634,563,-1,563,634,635,-1,563,635,564,-1,564,635,636,-1,564,636,565,-1,565,636,637,-1,565,637,566,-1,566,637,638,-1,566,638,567,-1,567,638,639,-1,567,639,568,-1,568,639,640,-1,568,640,569,-1,569,640,641,-1,569,641,570,-1,570,641,642,-1,570,642,571,-1,571,642,643,-1,571,643,572,-1,572,643,644,-1,572,644,573,-1,573,644,645,-1,573,645,574,-1,574,645,646,-1,574,646,575,-1,575,646,647,-1,575,647,576,-1,576,647,648,-1,576,648,577,-1,577,648,649,-1,577,649,578,-1,578,649,650,-1,578,650,579,-1,579,650,651,-1,579,651,580,-1,580,651,652,-1,580,652,581,-1,581,652,653,-1,581,653,582,-1,582,653,654,-1,582,654,583,-1,583,654,655,-1,583,655,584,-1,584,655,656,-1,584,656,585,-1,585,656,657,-1,585,657,586,-1,586,657,658,-1,586,658,587,-1,587,658,588,-1,658,659,588,-1,588,659,660,-1,588,660,589,-1,589,660,661,-1,589,661,590,-1,590,661,662,-1,590,662,591,-1,591,662,663,-1,591,663,592,-1,592,663,664,-1,592,664,593,-1,593,664,665,-1,593,665,594,-1,594,665,666,-1,594,666,595,-1,595,666,667,-1,595,667,596,-1,596,667,668,-1,596,668,597,-1,597,668,669,-1,597,669,598,-1,598,669,670,-1,598,670,599,-1,599,670,671,-1,599,671,600,-1,600,671,672,-1,600,672,601,-1,601,672,673,-1,601,673,602,-1,602,673,674,-1,602,674,603,-1,603,674,675,-1,603,675,604,-1,604,675,676,-1,604,676,605,-1,605,676,677,-1,605,677,606,-1,606,677,678,-1,606,678,607,-1,607,678,679,-1,607,679,608,-1,608,679,680,-1,608,680,609,-1,609,680,681,-1,609,681,610,-1,610,681,682,-1,610,682,611,-1,611,682,683,-1,611,683,612,-1,612,683,684,-1,612,684,613,-1,613,684,685,-1,613,685,614,-1,614,685,686,-1,614,686,615,-1,615,686,687,-1,615,687,616,-1,616,687,688,-1,616,688,617,-1,617,688,689,-1,617,689,618,-1,618,689,690,-1,618,690,619,-1,619,690,691,-1,619,691,620,-1,620,691,692,-1,620,692,621,-1,621,692,693,-1,621,693,622,-1,622,693,694,-1,622,694,623,-1,623,694,695,-1,623,695,624,-1,624,695,696,-1,624,696,625,-1,625,696,697,-1,625,697,626,-1,626,697,698,-1,626,698,627,-1,627,698,699,-1,627,699,628,-1,628,699,700,-1,628,700,629,-1,629,700,701,-1,629,701,630,-1,630,701,702,-1,630,702,631,-1,631,702,703,-1,631,703,632,-1,632,703,704,-1,632,704,633,-1,633,704,705,-1,633,705,634,-1,634,705,706,-1,634,706,635,-1,635,706,707,-1,635,707,636,-1,636,707,708,-1,636,708,637,-1,637,708,709,-1,637,709,638,-1,638,709,710,-1,638,710,639,-1,639,710,711,-1,639,711,640,-1,640,711,712,-1,640,712,641,-1,641,712,713,-1,641,713,642,-1,642,713,714,-1,642,714,643,-1,643,714,715,-1,643,715,644,-1,644,715,716,-1,644,716,645,-1,645,716,717,-1,645,717,646,-1,646,717,718,-1,646,718,647,-1,647,718,719,-1,647,719,648,-1,648,719,720,-1,648,720,649,-1,649,720,721,-1,649,721,650,-1,650,721,722,-1,650,722,651,-1,651,722,723,-1,651,723,652,-1,652,723,724,-1,652,724,653,-1,653,724,725,-1,653,725,654,-1,654,725,726,-1,654,726,655,-1,655,726,727,-1,655,727,656,-1,656,727,728,-1,656,728,657,-1,657,728,729,-1,657,729,658,-1,658,729,659,-1,729,730,659,-1,659,730,731,-1,659,731,660,-1,660,731,732,-1,660,732,661,-1,661,732,733,-1,661,733,662,-1,662,733,734,-1,662,734,663,-1,663,734,735,-1,663,735,664,-1,664,735,736,-1,664,736,665,-1,665,736,737,-1,665,737,666,-1,666,737,738,-1,666,738,667,-1,667,738,739,-1,667,739,668,-1,668,739,740,-1,668,740,669,-1,669,740,741,-1,669,741,670,-1,670,741,742,-1,670,742,671,-1,671,742,743,-1,671,743,672,-1,672,743,744,-1,672,744,673,-1,673,744,745,-1,673,745,674,-1,674,745,746,-1,674,746,675,-1,675,746,747,-1,675,747,676,-1,676,747,748,-1,676,748,677,-1,677,748,749,-1,677,749,678,-1,678,749,750,-1,678,750,679,-1,679,750,751,-1,679,751,680,-1,680,751,752,-1,680,752,681,-1,681,752,753,-1,681,753,682,-1,682,753,754,-1,682,754,683,-1,683,754,755,-1,683,755,684,-1,684,755,756,-1,684,756,685,-1,685,756,757,-1,685,757,686,-1,686,757,758,-1,686,758,687,-1,687,758,759,-1,687,759,688,-1,688,759,760,-1,688,760,689,-1,689,760,761,-1,689,761,690,-1,690,761,762,-1,690,762,691,-1,691,762,763,-1,691,763,692,-1,692,763,764,-1,692,764,693,-1,693,764,765,-1,693,765,694,-1,694,765,766,-1,694,766,695,-1,695,766,767,-1,695,767,696,-1,696,767,768,-1,696,768,697,-1,697,768,769,-1,697,769,698,-1,698,769,770,-1,698,770,699,-1,699,770,771,-1,699,771,700,-1,700,771,772,-1,700,772,701,-1,701,772,773,-1,701,773,702,-1,702,773,774,-1,702,774,703,-1,703,774,775,-1,703,775,704,-1,704,775,776,-1,704,776,705,-1,705,776,777,-1,705,777,706,-1,706,777,778,-1,706,778,707,-1,707,778,779,-1,707,779,708,-1,708,779,780,-1,708,780,709,-1,709,780,781,-1,709,781,710,-1,710,781,782,-1,710,782,711,-1,711,782,783,-1,711,783,712,-1,712,783,784,-1,712,784,713,-1,713,784,785,-1,713,785,714,-1,714,785,786,-1,714,786,715,-1,715,786,787,-1,715,787,716,-1,716,787,788,-1,716,788,717,-1,717,788,789,-1,717,789,718,-1,718,789,790,-1,718,790,719,-1,719,790,791,-1,719,791,720,-1,720,791,792,-1,720,792,721,-1,721,792,793,-1,721,793,722,-1,722,793,794,-1,722,794,723,-1,723,794,795,-1,723,795,724,-1,724,795,796,-1,724,796,725,-1,725,796,797,-1,725,797,726,-1,726,797,798,-1,726,798,727,-1,727,798,799,-1,727,799,728,-1,728,799,800,-1,728,800,729,-1,729,800,730,-1,800,801,730,-1,730,801,802,-1,730,802,731,-1,731,802,803,-1,731,803,732,-1,732,803,804,-1,732,804,733,-1,733,804,805,-1,733,805,734,-1,734,805,806,-1,734,806,735,-1,735,806,807,-1,735,807,736,-1,736,807,808,-1,736,808,737,-1,737,808,809,-1,737,809,738,-1,738,809,810,-1,738,810,739,-1,739,810,811,-1,739,811,740,-1,740,811,812,-1,740,812,741,-1,741,812,813,-1,741,813,742,-1,742,813,814,-1,742,814,743,-1,743,814,815,-1,743,815,744,-1,744,815,816,-1,744,816,745,-1,745,816,817,-1,745,817,746,-1,746,817,818,-1,746,818,747,-1,747,818,819,-1,747,819,748,-1,748,819,820,-1,748,820,749,-1,749,820,821,-1,749,821,750,-1,750,821,822,-1,750,822,751,-1,751,822,823,-1,751,823,752,-1,752,823,824,-1,752,824,753,-1,753,824,825,-1,753,825,754,-1,754,825,826,-1,754,826,755,-1,755,826,827,-1,755,827,756,-1,756,827,828,-1,756,828,757,-1,757,828,829,-1,757,829,758,-1,758,829,830,-1,758,830,759,-1,759,830,831,-1,759,831,760,-1,760,831,832,-1,760,832,761,-1,761,832,833,-1,761,833,762,-1,762,833,834,-1,762,834,763,-1,763,834,835,-1,763,835,764,-1,764,835,836,-1,764,836,765,-1,765,836,837,-1,765,837,766,-1,766,837,838,-1,766,838,767,-1,767,838,839,-1,767,839,768,-1,768,839,840,-1,768,840,769,-1,769,840,841,-1,769,841,770,-1,770,841,842,-1,770,842,771,-1,771,842,843,-1,771,843,772,-1,772,843,844,-1,772,844,773,-1,773,844,845,-1,773,845,774,-1,774,845,846,-1,774,846,775,-1,775,846,847,-1,775,847,776,-1,776,847,848,-1,776,848,777,-1,777,848,849,-1,777,849,778,-1,778,849,850,-1,778,850,779,-1,779,850,851,-1,779,851,780,-1,780,851,852,-1,780,852,781,-1,781,852,853,-1,781,853,782,-1,782,853,854,-1,782,854,783,-1,783,854,855,-1,783,855,784,-1,784,855,856,-1,784,856,785,-1,785,856,857,-1,785,857,786,-1,786,857,858,-1,786,858,787,-1,787,858,859,-1,787,859,788,-1,788,859,860,-1,788,860,789,-1,789,860,861,-1,789,861,790,-1,790,861,862,-1,790,862,791,-1,791,862,863,-1,791,863,792,-1,792,863,864,-1,792,864,793,-1,793,864,865,-1,793,865,794,-1,794,865,866,-1,794,866,795,-1,795,866,867,-1,795,867,796,-1,796,867,868,-1,796,868,797,-1,797,868,869,-1,797,869,798,-1,798,869,870,-1,798,870,799,-1,799,870,871,-1,799,871,800,-1,800,871,801,-1,871,872,801,-1,801,872,873,-1,801,873,802,-1,802,873,874,-1,802,874,803,-1,803,874,875,-1,803,875,804,-1,804,875,876,-1,804,876,805,-1,805,876,877,-1,805,877,806,-1,806,877,878,-1,806,878,807,-1,807,878,879,-1,807,879,808,-1,808,879,880,-1,808,880,809,-1,809,880,881,-1,809,881,810,-1,810,881,882,-1,810,882,811,-1,811,882,883,-1,811,883,812,-1,812,883,884,-1,812,884,813,-1,813,884,885,-1,813,885,814,-1,814,885,886,-1,814,886,815,-1,815,886,887,-1,815,887,816,-1,816,887,888,-1,816,888,817,-1,817,888,889,-1,817,889,818,-1,818,889,890,-1,818,890,819,-1,819,890,891,-1,819,891,820,-1,820,891,892,-1,820,892,821,-1,821,892,893,-1,821,893,822,-1,822,893,894,-1,822,894,823,-1,823,894,895,-1,823,895,824,-1,824,895,896,-1,824,896,825,-1,825,896,897,-1,825,897,826,-1,826,897,898,-1,826,898,827,-1,827,898,899,-1,827,899,828,-1,828,899,900,-1,828,900,829,-1,829,900,901,-1,829,901,830,-1,830,901,902,-1,830,902,831,-1,831,902,903,-1,831,903,832,-1,832,903,904,-1,832,904,833,-1,833,904,905,-1,833,905,834,-1,834,905,906,-1,834,906,835,-1,835,906,907,-1,835,907,836,-1,836,907,908,-1,836,908,837,-1,837,908,909,-1,837,909,838,-1,838,909,910,-1,838,910,839,-1,839,910,911,-1,839,911,840,-1,840,911,912,-1,840,912,841,-1,841,912,913,-1,841,913,842,-1,842,913,914,-1,842,914,843,-1,843,914,915,-1,843,915,844,-1,844,915,916,-1,844,916,845,-1,845,916,917,-1,845,917,846,-1,846,917,918,-1,846,918,847,-1,847,918,919,-1,847,919,848,-1,848,919,920,-1,848,920,849,-1,849,920,921,-1,849,921,850,-1,850,921,922,-1,850,922,851,-1,851,922,923,-1,851,923,852,-1,852,923,924,-1,852,924,853,-1,853,924,925,-1,853,925,854,-1,854,925,926,-1,854,926,855,-1,855,926,927,-1,855,927,856,-1,856,927,928,-1,856,928,857,-1,857,928,929,-1,857,929,858,-1,858,929,930,-1,858,930,859,-1,859,930,931,-1,859,931,860,-1,860,931,932,-1,860,932,861,-1,861,932,933,-1,861,933,862,-1,862,933,934,-1,862,934,863,-1,863,934,935,-1,863,935,864,-1,864,935,936,-1,864,936,865,-1,865,936,937,-1,865,937,866,-1,866,937,938,-1,866,938,867,-1,867,938,939,-1,867,939,868,-1,868,939,940,-1,868,940,869,-1,869,940,941,-1,869,941,870,-1,870,941,942,-1,870,942,871,-1,871,942,872,-1,942,943,872,-1,872,943,944,-1,872,944,873,-1,873,944,945,-1,873,945,874,-1,874,945,946,-1,874,946,875,-1,875,946,947,-1,875,947,876,-1,876,947,948,-1,876,948,877,-1,877,948,949,-1,877,949,878,-1,878,949,950,-1,878,950,879,-1,879,950,951,-1,879,951,880,-1,880,951,952,-1,880,952,881,-1,881,952,953,-1,881,953,882,-1,882,953,954,-1,882,954,883,-1,883,954,955,-1,883,955,884,-1,884,955,956,-1,884,956,885,-1,885,956,957,-1,885,957,886,-1,886,957,958,-1,886,958,887,-1,887,958,959,-1,887,959,888,-1,888,959,960,-1,888,960,889,-1,889,960,961,-1,889,961,890,-1,890,961,962,-1,890,962,891,-1,891,962,963,-1,891,963,892,-1,892,963,964,-1,892,964,893,-1,893,964,965,-1,893,965,894,-1,894,965,966,-1,894,966,895,-1,895,966,967,-1,895,967,896,-1,896,967,968,-1,896,968,897,-1,897,968,969,-1,897,969,898,-1,898,969,970,-1,898,970,899,-1,899,970,971,-1,899,971,900,-1,900,971,972,-1,900,972,901,-1,901,972,973,-1,901,973,902,-1,902,973,974,-1,902,974,903,-1,903,974,975,-1,903,975,904,-1,904,975,976,-1,904,976,905,-1,905,976,977,-1,905,977,906,-1,906,977,978,-1,906,978,907,-1,907,978,979,-1,907,979,908,-1,908,979,980,-1,908,980,909,-1,909,980,981,-1,909,981,910,-1,910,981,982,-1,910,982,911,-1,911,982,983,-1,911,983,912,-1,912,983,984,-1,912,984,913,-1,913,984,985,-1,913,985,914,-1,914,985,986,-1,914,986,915,-1,915,986,987,-1,915,987,916,-1,916,987,988,-1,916,988,917,-1,917,988,989,-1,917,989,918,-1,918,989,990,-1,918,990,919,-1,919,990,991,-1,919,991,920,-1,920,991,992,-1,920,992,921,-1,921,992,993,-1,921,993,922,-1,922,993,994,-1,922,994,923,-1,923,994,995,-1,923,995,924,-1,924,995,996,-1,924,996,925,-1,925,996,997,-1,925,997,926,-1,926,997,998,-1,926,998,927,-1,927,998,999,-1,927,999,928,-1,928,999,1000,-1,928,1000,929,-1,929,1000,1001,-1,929,1001,930,-1,930,1001,1002,-1,930,1002,931,-1,931,1002,1003,-1,931,1003,932,-1,932,1003,1004,-1,932,1004,933,-1,933,1004,1005,-1,933,1005,934,-1,934,1005,1006,-1,934,1006,935,-1,935,1006,1007,-1,935,1007,936,-1,936,1007,1008,-1,936,1008,937,-1,937,1008,1009,-1,937,1009,938,-1,938,1009,1010,-1,938,1010,939,-1,939,1010,1011,-1,939,1011,940,-1,940,1011,1012,-1,940,1012,941,-1,941,1012,1013,-1,941,1013,942,-1,942,1013,943,-1,1013,1014,943,-1,943,1014,1015,-1,943,1015,944,-1,944,1015,1016,-1,944,1016,945,-1,945,1016,1017,-1,945,1017,946,-1,946,1017,1018,-1,946,1018,947,-1,947,1018,1019,-1,947,1019,948,-1,948,1019,1020,-1,948,1020,949,-1,949,1020,1021,-1,949,1021,950,-1,950,1021,1022,-1,950,1022,951,-1,951,1022,1023,-1,951,1023,952,-1,952,1023,1024,-1,952,1024,953,-1,953,1024,1025,-1,953,1025,954,-1,954,1025,1026,-1,954,1026,955,-1,955,1026,1027,-1,955,1027,956,-1,956,1027,1028,-1,956,1028,957,-1,957,1028,1029,-1,957,1029,958,-1,958,1029,1030,-1,958,1030,959,-1,959,1030,1031,-1,959,1031,960,-1,960,1031,1032,-1,960,1032,961,-1,961,1032,1033,-1,961,1033,962,-1,962,1033,1034,-1,962,1034,963,-1,963,1034,1035,-1,963,1035,964,-1,964,1035,1036,-1,964,1036,965,-1,965,1036,1037,-1,965,1037,966,-1,966,1037,1038,-1,966,1038,967,-1,967,1038,1039,-1,967,1039,968,-1,968,1039,1040,-1,968,1040,969,-1,969,1040,1041,-1,969,1041,970,-1,970,1041,1042,-1,970,1042,971,-1,971,1042,1043,-1,971,1043,972,-1,972,1043,1044,-1,972,1044,973,-1,973,1044,1045,-1,973,1045,974,-1,974,1045,1046,-1,974,1046,975,-1,975,1046,1047,-1,975,1047,976,-1,976,1047,1048,-1,976,1048,977,-1,977,1048,1049,-1,977,1049,978,-1,978,1049,1050,-1,978,1050,979,-1,979,1050,1051,-1,979,1051,980,-1,980,1051,1052,-1,980,1052,981,-1,981,1052,1053,-1,981,1053,982,-1,982,1053,1054,-1,982,1054,983,-1,983,1054,1055,-1,983,1055,984,-1,984,1055,1056,-1,984,1056,985,-1,985,1056,1057,-1,985,1057,986,-1,986,1057,1058,-1,986,1058,987,-1,987,1058,1059,-1,987,1059,988,-1,988,1059,1060,-1,988,1060,989,-1,989,1060,1061,-1,989,1061,990,-1,990,1061,1062,-1,990,1062,991,-1,991,1062,1063,-1,991,1063,992,-1,992,1063,1064,-1,992,1064,993,-1,993,1064,1065,-1,993,1065,994,-1,994,1065,1066,-1,994,1066,995,-1,995,1066,1067,-1,995,1067,996,-1,996,1067,1068,-1,996,1068,997,-1,997,1068,1069,-1,997,1069,998,-1,998,1069,1070,-1,998,1070,999,-1,999,1070,1071,-1,999,1071,1000,-1,1000,1071,1072,-1,1000,1072,1001,-1,1001,1072,1073,-1,1001,1073,1002,-1,1002,1073,1074,-1,1002,1074,1003,-1,1003,1074,1075,-1,1003,1075,1004,-1,1004,1075,1076,-1,1004,1076,1005,-1,1005,1076,1077,-1,1005,1077,1006,-1,1006,1077,1078,-1,1006,1078,1007,-1,1007,1078,1079,-1,1007,1079,1008,-1,1008,1079,1080,-1,1008,1080,1009,-1,1009,1080,1081,-1,1009,1081,1010,-1,1010,1081,1082,-1,1010,1082,1011,-1,1011,1082,1083,-1,1011,1083,1012,-1,1012,1083,1084,-1,1012,1084,1013,-1,1013,1084,1014,-1,1084,1085,1014,-1,1014,1085,1086,-1,1014,1086,1015,-1,1015,1086,1087,-1,1015,1087,1016,-1,1016,1087,1088,-1,1016,1088,1017,-1,1017,1088,1089,-1,1017,1089,1018,-1,1018,1089,1090,-1,1018,1090,1019,-1,1019,1090,1091,-1,1019,1091,1020,-1,1020,1091,1092,-1,1020,1092,1021,-1,1021,1092,1093,-1,1021,1093,1022,-1,1022,1093,1094,-1,1022,1094,1023,-1,1023,1094,1095,-1,1023,1095,1024,-1,1024,1095,1096,-1,1024,1096,1025,-1,1025,1096,1097,-1,1025,1097,1026,-1,1026,1097,1098,-1,1026,1098,1027,-1,1027,1098,1099,-1,1027,1099,1028,-1,1028,1099,1100,-1,1028,1100,1029,-1,1029,1100,1101,-1,1029,1101,1030,-1,1030,1101,1102,-1,1030,1102,1031,-1,1031,1102,1103,-1,1031,1103,1032,-1,1032,1103,1104,-1,1032,1104,1033,-1,1033,1104,1105,-1,1033,1105,1034,-1,1034,1105,1106,-1,1034,1106,1035,-1,1035,1106,1107,-1,1035,1107,1036,-1,1036,1107,1108,-1,1036,1108,1037,-1,1037,1108,1109,-1,1037,1109,1038,-1,1038,1109,1110,-1,1038,1110,1039,-1,1039,1110,1111,-1,1039,1111,1040,-1,1040,1111,1112,-1,1040,1112,1041,-1,1041,1112,1113,-1,1041,1113,1042,-1,1042,1113,1114,-1,1042,1114,1043,-1,1043,1114,1115,-1,1043,1115,1044,-1,1044,1115,1116,-1,1044,1116,1045,-1,1045,1116,1117,-1,1045,1117,1046,-1,1046,1117,1118,-1,1046,1118,1047,-1,1047,1118,1119,-1,1047,1119,1048,-1,1048,1119,1120,-1,1048,1120,1049,-1,1049,1120,1121,-1,1049,1121,1050,-1,1050,1121,1122,-1,1050,1122,1051,-1,1051,1122,1123,-1,1051,1123,1052,-1,1052,1123,1124,-1,1052,1124,1053,-1,1053,1124,1125,-1,1053,1125,1054,-1,1054,1125,1126,-1,1054,1126,1055,-1,1055,1126,1127,-1,1055,1127,1056,-1,1056,1127,1128,-1,1056,1128,1057,-1,1057,1128,1129,-1,1057,1129,1058,-1,1058,1129,1130,-1,1058,1130,1059,-1,1059,1130,1131,-1,1059,1131,1060,-1,1060,1131,1132,-1,1060,1132,1061,-1,1061,1132,1133,-1,1061,1133,1062,-1,1062,1133,1134,-1,1062,1134,1063,-1,1063,1134,1135,-1,1063,1135,1064,-1,1064,1135,1136,-1,1064,1136,1065,-1,1065,1136,1137,-1,1065,1137,1066,-1,1066,1137,1138,-1,1066,1138,1067,-1,1067,1138,1139,-1,1067,1139,1068,-1,1068,1139,1140,-1,1068,1140,1069,-1,1069,1140,1141,-1,1069,1141,1070,-1,1070,1141,1142,-1,1070,1142,1071,-1,1071,1142,1143,-1,1071,1143,1072,-1,1072,1143,1144,-1,1072,1144,1073,-1,1073,1144,1145,-1,1073,1145,1074,-1,1074,1145,1146,-1,1074,1146,1075,-1,1075,1146,1147,-1,1075,1147,1076,-1,1076,1147,1148,-1,1076,1148,1077,-1,1077,1148,1149,-1,1077,1149,1078,-1,1078,1149,1150,-1,1078,1150,1079,-1,1079,1150,1151,-1,1079,1151,1080,-1,1080,1151,1152,-1,1080,1152,1081,-1,1081,1152,1153,-1,1081,1153,1082,-1,1082,1153,1154,-1,1082,1154,1083,-1,1083,1154,1155,-1,1083,1155,1084,-1,1084,1155,1085,-1,1155,1156,1085,-1,1085,1156,1157,-1,1085,1157,1086,-1,1086,1157,1158,-1,1086,1158,1087,-1,1087,1158,1159,-1,1087,1159,1088,-1,1088,1159,1160,-1,1088,1160,1089,-1,1089,1160,1161,-1,1089,1161,1090,-1,1090,1161,1162,-1,1090,1162,1091,-1,1091,1162,1163,-1,1091,1163,1092,-1,1092,1163,1164,-1,1092,1164,1093,-1,1093,1164,1165,-1,1093,1165,1094,-1,1094,1165,1166,-1,1094,1166,1095,-1,1095,1166,1167,-1,1095,1167,1096,-1,1096,1167,1168,-1,1096,1168,1097,-1,1097,1168,1169,-1,1097,1169,1098,-1,1098,1169,1170,-1,1098,1170,1099,-1,1099,1170,1171,-1,1099,1171,1100,-1,1100,1171,1172,-1,1100,1172,1101,-1,1101,1172,1173,-1,1101,1173,1102,-1,1102,1173,1174,-1,1102,1174,1103,-1,1103,1174,1175,-1,1103,1175,1104,-1,1104,1175,1176,-1,1104,1176,1105,-1,1105,1176,1177,-1,1105,1177,1106,-1,1106,1177,1178,-1,1106,1178,1107,-1,1107,1178,1179,-1,1107,1179,1108,-1,1108,1179,1180,-1,1108,1180,1109,-1,1109,1180,1181,-1,1109,1181,1110,-1,1110,1181,1182,-1,1110,1182,1111,-1,1111,1182,1183,-1,1111,1183,1112,-1,1112,1183,1184,-1,1112,1184,1113,-1,1113,1184,1185,-1,1113,1185,1114,-1,1114,1185,1186,-1,1114,1186,1115,-1,1115,1186,1187,-1,1115,1187,1116,-1,1116,1187,1188,-1,1116,1188,1117,-1,1117,1188,1189,-1,1117,1189,1118,-1,1118,1189,1190,-1,1118,1190,1119,-1,1119,1190,1191,-1,1119,1191,1120,-1,1120,1191,1192,-1,1120,1192,1121,-1,1121,1192,1193,-1,1121,1193,1122,-1,1122,1193,1194,-1,1122,1194,1123,-1,1123,1194,1195,-1,1123,1195,1124,-1,1124,1195,1196,-1,1124,1196,1125,-1,1125,1196,1197,-1,1125,1197,1126,-1,1126,1197,1198,-1,1126,1198,1127,-1,1127,1198,1199,-1,1127,1199,1128,-1,1128,1199,1200,-1,1128,1200,1129,-1,1129,1200,1201,-1,1129,1201,1130,-1,1130,1201,1202,-1,1130,1202,1131,-1,1131,1202,1203,-1,1131,1203,1132,-1,1132,1203,1204,-1,1132,1204,1133,-1,1133,1204,1205,-1,1133,1205,1134,-1,1134,1205,1206,-1,1134,1206,1135,-1,1135,1206,1207,-1,1135,1207,1136,-1,1136,1207,1208,-1,1136,1208,1137,-1,1137,1208,1209,-1,1137,1209,1138,-1,1138,1209,1210,-1,1138,1210,1139,-1,1139,1210,1211,-1,1139,1211,1140,-1,1140,1211,1212,-1,1140,1212,1141,-1,1141,1212,1213,-1,1141,1213,1142,-1,1142,1213,1214,-1,1142,1214,1143,-1,1143,1214,1215,-1,1143,1215,1144,-1,1144,1215,1216,-1,1144,1216,1145,-1,1145,1216,1217,-1,1145,1217,1146,-1,1146,1217,1218,-1,1146,1218,1147,-1,1147,1218,1219,-1,1147,1219,1148,-1,1148,1219,1220,-1,1148,1220,1149,-1,1149,1220,1221,-1,1149,1221,1150,-1,1150,1221,1222,-1,1150,1222,1151,-1,1151,1222,1223,-1,1151,1223,1152,-1,1152,1223,1224,-1,1152,1224,1153,-1,1153,1224,1225,-1,1153,1225,1154,-1,1154,1225,1226,-1,1154,1226,1155,-1,1155,1226,1156,-1,1226,1227,1156,-1,1156,1227,1228,-1,1156,1228,1157,-1,1157,1228,1229,-1,1157,1229,1158,-1,1158,1229,1230,-1,1158,1230,1159,-1,1159,1230,1231,-1,1159,1231,1160,-1,1160,1231,1232,-1,1160,1232,1161,-1,1161,1232,1233,-1,1161,1233,1162,-1,1162,1233,1234,-1,1162,1234,1163,-1,1163,1234,1235,-1,1163,1235,1164,-1,1164,1235,1236,-1,1164,1236,1165,-1,1165,1236,1237,-1,1165,1237,1166,-1,1166,1237,1238,-1,1166,1238,1167,-1,1167,1238,1239,-1,1167,1239,1168,-1,1168,1239,1240,-1,1168,1240,1169,-1,1169,1240,1241,-1,1169,1241,1170,-1,1170,1241,1242,-1,1170,1242,1171,-1,1171,1242,1243,-1,1171,1243,1172,-1,1172,1243,1244,-1,1172,1244,1173,-1,1173,1244,1245,-1,1173,1245,1174,-1,1174,1245,1246,-1,1174,1246,1175,-1,1175,1246,1247,-1,1175,1247,1176,-1,1176,1247,1248,-1,1176,1248,1177,-1,1177,1248,1249,-1,1177,1249,1178,-1,1178,1249,1250,-1,1178,1250,1179,-1,1179,1250,1251,-1,1179,1251,1180,-1,1180,1251,1252,-1,1180,1252,1181,-1,1181,1252,1253,-1,1181,1253,1182,-1,1182,1253,1254,-1,1182,1254,1183,-1,1183,1254,1255,-1,1183,1255,1184,-1,1184,1255,1256,-1,1184,1256,1185,-1,1185,1256,1257,-1,1185,1257,1186,-1,1186,1257,1258,-1,1186,1258,1187,-1,1187,1258,1259,-1,1187,1259,1188,-1,1188,1259,1260,-1,1188,1260,1189,-1,1189,1260,1261,-1,1189,1261,1190,-1,1190,1261,1262,-1,1190,1262,1191,-1,1191,1262,1263,-1,1191,1263,1192,-1,1192,1263,1264,-1,1192,1264,1193,-1,1193,1264,1265,-1,1193,1265,1194,-1,1194,1265,1266,-1,1194,1266,1195,-1,1195,1266,1267,-1,1195,1267,1196,-1,1196,1267,1268,-1,1196,1268,1197,-1,1197,1268,1269,-1,1197,1269,1198,-1,1198,1269,1270,-1,1198,1270,1199,-1,1199,1270,1271,-1,1199,1271,1200,-1,1200,1271,1272,-1,1200,1272,1201,-1,1201,1272,1273,-1,1201,1273,1202,-1,1202,1273,1274,-1,1202,1274,1203,-1,1203,1274,1275,-1,1203,1275,1204,-1,1204,1275,1276,-1,1204,1276,1205,-1,1205,1276,1277,-1,1205,1277,1206,-1,1206,1277,1278,-1,1206,1278,1207,-1,1207,1278,1279,-1,1207,1279,1208,-1,1208,1279,1280,-1,1208,1280,1209,-1,1209,1280,1281,-1,1209,1281,1210,-1,1210,1281,1282,-1,1210,1282,1211,-1,1211,1282,1283,-1,1211,1283,1212,-1,1212,1283,1284,-1,1212,1284,1213,-1,1213,1284,1285,-1,1213,1285,1214,-1,1214,1285,1286,-1,1214,1286,1215,-1,1215,1286,1287,-1,1215,1287,1216,-1,1216,1287,1288,-1,1216,1288,1217,-1,1217,1288,1289,-1,1217,1289,1218,-1,1218,1289,1290,-1,1218,1290,1219,-1,1219,1290,1291,-1,1219,1291,1220,-1,1220,1291,1292,-1,1220,1292,1221,-1,1221,1292,1293,-1,1221,1293,1222,-1,1222,1293,1294,-1,1222,1294,1223,-1,1223,1294,1295,-1,1223,1295,1224,-1,1224,1295,1296,-1,1224,1296,1225,-1,1225,1296,1297,-1,1225,1297,1226,-1,1226,1297,1227,-1,1297,1298,1227,-1,1227,1298,1299,-1,1227,1299,1228,-1,1228,1299,1300,-1,1228,1300,1229,-1,1229,1300,1301,-1,1229,1301,1230,-1,1230,1301,1302,-1,1230,1302,1231,-1,1231,1302,1303,-1,1231,1303,1232,-1,1232,1303,1304,-1,1232,1304,1233,-1,1233,1304,1305,-1,1233,1305,1234,-1,1234,1305,1306,-1,1234,1306,1235,-1,1235,1306,1307,-1,1235,1307,1236,-1,1236,1307,1308,-1,1236,1308,1237,-1,1237,1308,1309,-1,1237,1309,1238,-1,1238,1309,1310,-1,1238,1310,1239,-1,1239,1310,1311,-1,1239,1311,1240,-1,1240,1311,1312,-1,1240,1312,1241,-1,1241,1312,1313,-1,1241,1313,1242,-1,1242,1313,1314,-1,1242,1314,1243,-1,1243,1314,1315,-1,1243,1315,1244,-1,1244,1315,1316,-1,1244,1316,1245,-1,1245,1316,1317,-1,1245,1317,1246,-1,1246,1317,1318,-1,1246,1318,1247,-1,1247,1318,1319,-1,1247,1319,1248,-1,1248,1319,1320,-1,1248,1320,1249,-1,1249,1320,1321,-1,1249,1321,1250,-1,1250,1321,1322,-1,1250,1322,1251,-1,1251,1322,1323,-1,1251,1323,1252,-1,1252,1323,1324,-1,1252,1324,1253,-1,1253,1324,1325,-1,1253,1325,1254,-1,1254,1325,1326,-1,1254,1326,1255,-1,1255,1326,1327,-1,1255,1327,1256,-1,1256,1327,1328,-1,1256,1328,1257,-1,1257,1328,1329,-1,1257,1329,1258,-1,1258,1329,1330,-1,1258,1330,1259,-1,1259,1330,1331,-1,1259,1331,1260,-1,1260,1331,1332,-1,1260,1332,1261,-1,1261,1332,1333,-1,1261,1333,1262,-1,1262,1333,1334,-1,1262,1334,1263,-1,1263,1334,1335,-1,1263,1335,1264,-1,1264,1335,1336,-1,1264,1336,1265,-1,1265,1336,1337,-1,1265,1337,1266,-1,1266,1337,1338,-1,1266,1338,1267,-1,1267,1338,1339,-1,1267,1339,1268,-1,1268,1339,1340,-1,1268,1340,1269,-1,1269,1340,1341,-1,1269,1341,1270,-1,1270,1341,1342,-1,1270,1342,1271,-1,1271,1342,1343,-1,1271,1343,1272,-1,1272,1343,1344,-1,1272,1344,1273,-1,1273,1344,1345,-1,1273,1345,1274,-1,1274,1345,1346,-1,1274,1346,1275,-1,1275,1346,1347,-1,1275,1347,1276,-1,1276,1347,1348,-1,1276,1348,1277,-1,1277,1348,1349,-1,1277,1349,1278,-1,1278,1349,1350,-1,1278,1350,1279,-1,1279,1350,1351,-1,1279,1351,1280,-1,1280,1351,1352,-1,1280,1352,1281,-1,1281,1352,1353,-1,1281,1353,1282,-1,1282,1353,1354,-1,1282,1354,1283,-1,1283,1354,1355,-1,1283,1355,1284,-1,1284,1355,1356,-1,1284,1356,1285,-1,1285,1356,1357,-1,1285,1357,1286,-1,1286,1357,1358,-1,1286,1358,1287,-1,1287,1358,1359,-1,1287,1359,1288,-1,1288,1359,1360,-1,1288,1360,1289,-1,1289,1360,1361,-1,1289,1361,1290,-1,1290,1361,1362,-1,1290,1362,1291,-1,1291,1362,1363,-1,1291,1363,1292,-1,1292,1363,1364,-1,1292,1364,1293,-1,1293,1364,1365,-1,1293,1365,1294,-1,1294,1365,1366,-1,1294,1366,1295,-1,1295,1366,1367,-1,1295,1367,1296,-1,1296,1367,1368,-1,1296,1368,1297,-1,1297,1368,1298,-1,1368,40,1298,-1,1298,40,39,-1,1298,39,1299,-1,1299,39,42,-1,1299,42,1300,-1,1300,42,43,-1,1300,43,1301,-1,1301,43,44,-1,1301,44,1302,-1,1302,44,45,-1,1302,45,1303,-1,1303,45,46,-1,1303,46,1304,-1,1304,46,47,-1,1304,47,1305,-1,1305,47,48,-1,1305,48,1306,-1,1306,48,49,-1,1306,49,1307,-1,1307,49,50,-1,1307,50,1308,-1,1308,50,51,-1,1308,51,1309,-1,1309,51,52,-1,1309,52,1310,-1,1310,52,53,-1,1310,53,1311,-1,1311,53,54,-1,1311,54,1312,-1,1312,54,55,-1,1312,55,1313,-1,1313,55,56,-1,1313,56,1314,-1,1314,56,57,-1,1314,57,1315,-1,1315,57,58,-1,1315,58,1316,-1,1316,58,59,-1,1316,59,1317,-1,1317,59,60,-1,1317,60,1318,-1,1318,60,61,-1,1318,61,1319,-1,1319,61,62,-1,1319,62,1320,-1,1320,62,63,-1,1320,63,1321,-1,1321,63,64,-1,1321,64,1322,-1,1322,64,65,-1,1322,65,1323,-1,1323,65,66,-1,1323,66,1324,-1,1324,66,67,-1,1324,67,1325,-1,1325,67,68,-1,1325,68,1326,-1,1326,68,69,-1,1326,69,1327,-1,1327,69,70,-1,1327,70,1328,-1,1328,70,71,-1,1328,71,1329,-1,1329,71,72,-1,1329,72,1330,-1,1330,72,73,-1,1330,73,1331,-1,1331,73,74,-1,1331,74,1332,-1,1332,74,75,-1,1332,75,1333,-1,1333,75,76,-1,1333,76,1334,-1,1334,76,77,-1,1334,77,1335,-1,1335,77,78,-1,1335,78,1336,-1,1336,78,79,-1,1336,79,1337,-1,1337,79,80,-1,1337,80,1338,-1,1338,80,81,-1,1338,81,1339,-1,1339,81,82,-1,1339,82,1340,-1,1340,82,83,-1,1340,83,1341,-1,1341,83,84,-1,1341,84,1342,-1,1342,84,85,-1,1342,85,1343,-1,1343,85,86,-1,1343,86,1344,-1,1344,86,87,-1,1344,87,1345,-1,1345,87,88,-1,1345,88,1346,-1,1346,88,89,-1,1346,89,1347,-1,1347,89,90,-1,1347,90,1348,-1,1348,90,91,-1,1348,91,1349,-1,1349,91,92,-1,1349,92,1350,-1,1350,92,93,-1,1350,93,1351,-1,1351,93,94,-1,1351,94,1352,-1,1352,94,95,-1,1352,95,1353,-1,1353,95,96,-1,1353,96,1354,-1,1354,96,97,-1,1354,97,1355,-1,1355,97,98,-1,1355,98,1356,-1,1356,98,99,-1,1356,99,1357,-1,1357,99,100,-1,1357,100,1358,-1,1358,100,101,-1,1358,101,1359,-1,1359,101,102,-1,1359,102,1360,-1,1360,102,103,-1,1360,103,1361,-1,1361,103,104,-1,1361,104,1362,-1,1362,104,105,-1,1362,105,1363,-1,1363,105,106,-1,1363,106,1364,-1,1364,106,107,-1,1364,107,1365,-1,1365,107,108,-1,1365,108,1366,-1,1366,108,109,-1,1366,109,1367,-1,1367,109,110,-1,1367,110,1368,-1,1368,110,40,-1,152,150,1369,-1,122,120,1370,-1,296,294,1371,-1,277,275,1372,-1,239,237,1373,-1,228,226,1374,-1,190,188,16,-1,171,169,22,-1,0,163,161,-1,0,161,1,-1,163,0,165,-1,165,0,3,-1,165,3,166,-1,22,169,3,-1,3,169,168,-1,3,168,166,-1,171,22,172,-1,172,22,38,-1,172,38,174,-1,24,182,180,-1,24,180,36,-1,180,179,36,-1,36,179,177,-1,36,177,38,-1,38,177,176,-1,38,176,174,-1,182,24,184,-1,184,24,18,-1,184,18,185,-1,16,188,18,-1,18,188,187,-1,18,187,185,-1,190,16,191,-1,191,16,14,-1,191,14,193,-1,193,14,195,-1,195,14,13,-1,195,13,196,-1,5,201,199,-1,5,199,13,-1,13,199,198,-1,13,198,196,-1,201,5,203,-1,203,5,28,-1,203,28,204,-1,204,28,206,-1,206,28,34,-1,206,34,207,-1,207,34,1375,-1,207,1375,209,-1,209,1375,210,-1,210,1375,1376,-1,210,1376,212,-1,212,1376,214,-1,214,1376,1377,-1,214,1377,215,-1,1378,220,218,-1,1378,218,1377,-1,1377,218,217,-1,1377,217,215,-1,220,1378,222,-1,222,1378,1379,-1,222,1379,223,-1,1374,226,1379,-1,1379,226,225,-1,1379,225,223,-1,228,1374,229,-1,229,1374,1380,-1,229,1380,231,-1,231,1380,233,-1,233,1380,1381,-1,233,1381,234,-1,1373,237,1381,-1,1381,237,236,-1,1381,236,234,-1,239,1373,240,-1,240,1373,1382,-1,240,1382,242,-1,1383,250,248,-1,1383,248,1384,-1,248,247,1384,-1,1384,247,245,-1,1384,245,1382,-1,1382,245,244,-1,1382,244,242,-1,250,1383,252,-1,252,1383,1385,-1,252,1385,253,-1,253,1385,255,-1,255,1385,1386,-1,255,1386,256,-1,256,1386,1387,-1,256,1387,258,-1,258,1387,259,-1,259,1387,1388,-1,259,1388,261,-1,1389,269,267,-1,1389,267,1390,-1,267,266,1390,-1,1390,266,264,-1,1390,264,1388,-1,1388,264,263,-1,1388,263,261,-1,269,1389,271,-1,271,1389,1391,-1,271,1391,272,-1,1372,275,1391,-1,1391,275,274,-1,1391,274,272,-1,277,1372,278,-1,278,1372,1392,-1,278,1392,280,-1,280,1392,282,-1,282,1392,1393,-1,282,1393,283,-1,1394,288,286,-1,1394,286,1393,-1,1393,286,285,-1,1393,285,283,-1,288,1394,290,-1,290,1394,1395,-1,290,1395,291,-1,1371,294,1395,-1,1395,294,293,-1,1395,293,291,-1,296,1371,297,-1,297,1371,1396,-1,297,1396,299,-1,299,1396,301,-1,301,1396,1397,-1,301,1397,302,-1,302,1397,303,-1,303,1397,1398,-1,303,1398,112,-1,112,1398,1399,-1,112,1399,114,-1,114,1399,116,-1,116,1399,1400,-1,116,1400,117,-1,1370,120,1400,-1,1400,120,119,-1,1400,119,117,-1,122,1370,123,-1,123,1370,1401,-1,123,1401,125,-1,125,1401,127,-1,127,1401,1402,-1,127,1402,128,-1,1403,133,131,-1,1403,131,1402,-1,1402,131,130,-1,1402,130,128,-1,133,1403,135,-1,135,1403,1404,-1,135,1404,136,-1,1405,144,142,-1,1405,142,1406,-1,142,141,1406,-1,1406,141,139,-1,1406,139,1404,-1,1404,139,138,-1,1404,138,136,-1,144,1405,146,-1,146,1405,1407,-1,146,1407,147,-1,1369,150,1407,-1,1407,150,149,-1,1407,149,147,-1,152,1369,153,-1,153,1369,1408,-1,153,1408,155,-1,161,160,1,-1,1,160,158,-1,1,158,1408,-1,1408,158,157,-1,1408,157,155,-1,
        ]
    }
}
Shape{
    appearance Appearance {
        material  Material 	{
            diffuseColor 0.5019607843137255 0.5019607843137255 0.5019607843137255
            specularColor 0.25098039215686274 0.25098039215686274 0.25098039215686274
            ambientIntensity 0.502
            transparency 0.0
            shininess 0.5
        }
    }
    geometry IndexedFaceSet {
        ccw TRUE
        solid FALSE
        coord DEF co Coordinate {
            point [
                -0.5312 -0.5778 0.2835, -0.5312 -0.5778 0.2874, -0.5327 -0.5666 0.2835, -0.5327 -0.5666 0.2874, -0.537 -0.5562 0.2835, -0.537 -0.5562 0.2874, -0.5439 -0.5473 0.2835, -0.5439 -0.5473 0.2874, -0.5528 -0.5404 0.2835, -0.5528 -0.5404 0.2874, -0.5632 -0.5361 0.2835, -0.5632 -0.5361 0.2874, -0.5744 -0.5346 0.2835, -0.5744 -0.5346 0.2874, -0.5856 -0.5361 0.2835, -0.5856 -0.5361 0.2874, -0.596 -0.5404 0.2835, -0.596 -0.5404 0.2874, -0.6049 -0.5473 0.2835, -0.6049 -0.5473 0.2874, -0.6118 -0.5562 0.2835, -0.6118 -0.5562 0.2874, -0.6161 -0.5666 0.2835, -0.6161 -0.5666 0.2874, -0.6176 -0.5778 0.2835, -0.6176 -0.5778 0.2874, -0.6161 -0.589 0.2835, -0.6161 -0.589 0.2874, -0.6118 -0.5994 0.2835, -0.6118 -0.5994 0.2874, -0.6049 -0.6083 0.2835, -0.6049 -0.6083 0.2874, -0.596 -0.6152 0.2835, -0.596 -0.6152 0.2874, -0.5856 -0.6195 0.2835, -0.5856 -0.6195 0.2874, -0.5744 -0.621 0.2835, -0.5744 -0.621 0.2874, -0.5632 -0.6195 0.2835, -0.5632 -0.6195 0.2874, -0.5528 -0.6152 0.2835, -0.5528 -0.6152 0.2874, -0.5439 -0.6083 0.2835, -0.5439 -0.6083 0.2874, -0.537 -0.5994 0.2835, -0.537 -0.5994 0.2874, -0.5327 -0.589 0.2835, -0.5327 -0.589 0.2874, -0.5744 -0.5778 0.2835
            ]
        }
        coordIndex [
            0,1,2,-1,2,1,3,-1,2,3,4,-1,4,3,5,-1,4,5,6,-1,6,5,7,-1,6,7,8,-1,8,7,9,-1,8,9,10,-1,10,9,11,-1,10,11,12,-1,12,11,13,-1,12,13,14,-1,14,13,15,-1,14,15,16,-1,16,15,17,-1,16,17,18,-1,18,17,19,-1,18,19,20,-1,20,19,21,-1,20,21,22,-1,22,21,23,-1,22,23,24,-1,24,23,25,-1,24,25,26,-1,26,25,27,-1,26,27,28,-1,28,27,29,-1,28,29,30,-1,30,29,31,-1,30,31,32,-1,32,31,33,-1,32,33,34,-1,34,33,35,-1,34,35,36,-1,36,35,37,-1,36,37,38,-1,38,37,39,-1,38,39,40,-1,40,39,41,-1,40,41,42,-1,42,41,43,-1,42,43,44,-1,44,43,45,-1,44,45,46,-1,46,45,47,-1,46,47,0,-1,0,47,1,-1,44,46,48,-1,48,46,0,-1,48,0,2,-1,38,40,48,-1,48,40,42,-1,48,42,44,-1,32,34,48,-1,48,34,36,-1,48,36,38,-1,26,28,48,-1,48,28,30,-1,48,30,32,-1,20,22,48,-1,48,22,24,-1,48,24,26,-1,14,16,48,-1,48,16,18,-1,48,18,20,-1,8,10,48,-1,48,10,12,-1,48,12,14,-1,2,4,48,-1,48,4,6,-1,48,6,8,-1,
        ]
    }
}
Shape{
    appearance Appearance {
        material  Material 	{
            diffuseColor 1.0 1.0 0.0
            specularColor 0.5019607843137255 0.5019607843137255 0.0
            ambientIntensity 0.886
            transparency 0.0
            shininess 0.5
        }
    }
    geometry IndexedFaceSet {
        ccw TRUE
        solid FALSE
        coord DEF co Coordinate {
            point [
                -0.6496 0.6496 0.0, -0.6496 0.4528 0.0, -0.6496 0.6496 0.0118, -0.6496 0.4528 0.0118, -0.4601 0.6496 0.0118, -0.1597 0.6496 0.0118, -0.0488 0.6496 0.0118, 0.6496 0.6496 0.0, 0.0376 0.6496 0.0118, 0.6496 0.6496 0.0118, 0.6496 0.4528 0.0, 0.6496 0.4528 0.0118, 0.0376 0.4528 0.0118, -0.4601 0.4528 0.0118, -0.1597 0.4528 0.0118, -0.0488 0.4528 0.0118, -0.6496 0.2559 0.0, -0.6496 -0.2559 0.0, -0.6496 0.2559 0.0118, -0.6496 -0.2559 0.0118, 0.6496 0.2559 0.0118, 0.6496 0.2559 0.0, 0.0376 0.2559 0.0118, 0.036 0.2559 0.0, 0.036 0.2559 0.0118, 0.6496 -0.2559 0.0, 0.6496 -0.2559 0.0118, 0.0376 -0.2559 0.0118, -0.4601 -0.2559 0.0118, -0.1597 -0.2559 0.0118, -0.0488 -0.2559 0.0118, 0.0 0.1935 0.0, -0.036 0.2559 0.0, 0.6496 -0.6496 0.0, 0.6496 -0.4528 0.0, 0.6496 -0.6496 0.0118, 0.6496 -0.4528 0.0118, 0.0376 -0.6496 0.0118, -0.4601 -0.6496 0.0118, -0.6496 -0.6496 0.0118, -0.6496 -0.6496 0.0, -0.1597 -0.6496 0.0118, -0.0488 -0.6496 0.0118, -0.6496 -0.4528 0.0, -0.6496 -0.4528 0.0118, -0.4601 -0.4528 0.0118, -0.1597 -0.4528 0.0118, -0.0488 -0.4528 0.0118, 0.0376 -0.4528 0.0118, -0.036 0.2559 0.0118, 0.0 0.1935 0.0118
            ]
        }
        coordIndex [
            0,1,2,-1,2,1,3,-1,0,2,4,-1,4,5,0,-1,0,5,6,-1,0,6,7,-1,7,6,8,-1,7,8,9,-1,10,7,11,-1,11,7,9,-1,10,11,12,-1,13,3,1,-1,13,1,14,-1,10,12,1,-1,1,12,15,-1,1,15,14,-1,7,10,0,-1,0,10,1,-1,16,17,18,-1,18,17,19,-1,20,21,22,-1,22,21,23,-1,22,23,24,-1,25,21,26,-1,26,21,20,-1,25,26,27,-1,28,19,17,-1,28,17,29,-1,25,27,17,-1,17,27,30,-1,17,30,29,-1,31,23,21,-1,16,32,17,-1,17,32,31,-1,17,31,25,-1,25,31,21,-1,33,34,35,-1,35,34,36,-1,33,35,37,-1,38,39,40,-1,38,40,41,-1,33,37,40,-1,40,37,42,-1,40,42,41,-1,43,40,44,-1,44,40,39,-1,43,44,45,-1,45,46,43,-1,43,46,47,-1,43,47,34,-1,34,47,48,-1,34,48,36,-1,40,43,33,-1,33,43,34,-1,49,50,32,-1,32,50,31,-1,50,24,31,-1,31,24,23,-1,
        ]
    }
}
Shape{
    appearance Appearance {
        material  Material 	{
            diffuseColor 1.0 1.0 1.0
            specularColor 0.5019607843137255 0.5019607843137255 0.5019607843137255
            ambientIntensity 1.0
            transparency 0.0
            shininess 0.5
        }
    }
    geometry IndexedFaceSet {
        ccw TRUE
        solid FALSE
        coord DEF co Coordinate {
            point [
                -0.1966 -0.3749 0.0157, -0.1926 -0.3878 0.0157, -0.2361 -0.3749 0.0157, -0.2414 -0.3878 0.0157, -0.2142 -0.3255 0.0157, -0.2087 -0.3028 0.0157, -0.1641 -0.4209 0.0157, -0.1813 -0.4209 0.0157, -0.2154 -0.3214 0.0157, -0.2161 -0.3172 0.0157, -0.2246 -0.3028 0.0157, -0.2165 -0.3172 0.0157, -0.2173 -0.3214 0.0157, -0.2183 -0.3255 0.0157, -0.2706 -0.4209 0.0157, -0.2534 -0.4209 0.0157, -0.2414 -0.3878 0.0118, -0.2534 -0.4209 0.0118, -0.1926 -0.3878 0.0118, -0.1813 -0.4209 0.0118, -0.1641 -0.4209 0.0118, -0.2087 -0.3028 0.0118, -0.2246 -0.3028 0.0118, -0.2706 -0.4209 0.0118, -0.2183 -0.3255 0.0118, -0.2173 -0.3214 0.0118, -0.2165 -0.3172 0.0118, -0.2161 -0.3172 0.0118, -0.2154 -0.3214 0.0118, -0.2142 -0.3255 0.0118, -0.1966 -0.3749 0.0118, -0.2361 -0.3749 0.0118, -0.0937 -0.3028 0.0157, -0.0937 -0.3028 0.0118, -0.0604 -0.3028 0.0157, -0.0604 -0.3028 0.0118, -0.1107 -0.3047 0.0157, -0.1107 -0.3047 0.0118, -0.1246 -0.3095 0.0157, -0.1246 -0.3095 0.0118, -0.1374 -0.3181 0.0157, -0.1374 -0.3181 0.0118, -0.1375 -0.3182 0.0157, -0.1375 -0.3182 0.0118, -0.1459 -0.3275 0.0157, -0.1459 -0.3275 0.0118, -0.1514 -0.3377 0.0157, -0.1514 -0.3377 0.0118, -0.1546 -0.3493 0.0157, -0.1546 -0.3493 0.0118, -0.1554 -0.3604 0.0157, -0.1554 -0.3604 0.0118, -0.1538 -0.3762 0.0157, -0.1538 -0.3762 0.0118, -0.1495 -0.3886 0.0157, -0.1495 -0.3886 0.0118, -0.1427 -0.3991 0.0157, -0.1427 -0.3991 0.0118, -0.133 -0.4084 0.0157, -0.133 -0.4084 0.0118, -0.1207 -0.4156 0.0157, -0.1207 -0.4156 0.0118, -0.1071 -0.4197 0.0157, -0.1071 -0.4197 0.0118, -0.0925 -0.4209 0.0157, -0.0925 -0.4209 0.0118, -0.0604 -0.4209 0.0157, -0.0604 -0.4209 0.0118, -0.1317 -0.3324 0.0157, -0.126 -0.3263 0.0157, -0.1173 -0.3207 0.0157, -0.1076 -0.3173 0.0157, -0.0936 -0.3158 0.0157, -0.0762 -0.3158 0.0157, -0.0762 -0.408 0.0157, -0.093 -0.408 0.0157, -0.1054 -0.4068 0.0157, -0.1154 -0.4037 0.0157, -0.1234 -0.3989 0.0157, -0.13 -0.3924 0.0157, -0.135 -0.3843 0.0157, -0.1385 -0.3731 0.0157, -0.1396 -0.3607 0.0157, -0.1386 -0.349 0.0157, -0.1358 -0.3396 0.0157, -0.093 -0.408 0.0118, -0.0762 -0.408 0.0118, -0.1054 -0.4068 0.0118, -0.1154 -0.4037 0.0118, -0.1234 -0.3989 0.0118, -0.13 -0.3924 0.0118, -0.135 -0.3843 0.0118, -0.1385 -0.3731 0.0118, -0.1396 -0.3607 0.0118, -0.1386 -0.349 0.0118, -0.1358 -0.3396 0.0118, -0.1317 -0.3324 0.0118, -0.126 -0.3263 0.0118, -0.1173 -0.3207 0.0118, -0.1076 -0.3173 0.0118, -0.0936 -0.3158 0.0118, -0.0762 -0.3158 0.0118, 0.0261 -0.3028 0.0157, 0.0261 -0.3028 0.0118, 0.0261 -0.4209 0.0157, 0.0261 -0.4209 0.0118, -0.0344 -0.3028 0.0157, -0.0344 -0.3028 0.0118, -0.0344 -0.3158 0.0157, -0.0344 -0.3158 0.0118, 0.0102 -0.3158 0.0157, 0.0102 -0.3158 0.0118, 0.0102 -0.3547 0.0157, 0.0102 -0.3547 0.0118, -0.0315 -0.3547 0.0157, -0.0315 -0.3547 0.0118, -0.0315 -0.3677 0.0157, -0.0315 -0.3677 0.0118, 0.0102 -0.3677 0.0157, 0.0102 -0.3677 0.0118, 0.0102 -0.408 0.0157, 0.0102 -0.408 0.0118, -0.0373 -0.408 0.0157, -0.0373 -0.408 0.0118, -0.0373 -0.4209 0.0157, -0.0373 -0.4209 0.0118, 0.0886 -0.4217 0.0118, 0.0816 -0.4224 0.0118, 0.0816 -0.4224 0.0157, 0.0962 -0.4209 0.0118, 0.0962 -0.4209 0.0157, 0.1076 -0.4169 0.0157, 0.1076 -0.4169 0.0118, 0.1171 -0.4109 0.0157, 0.1171 -0.4109 0.0118, 0.126 -0.4015 0.0157, 0.126 -0.4015 0.0118, 0.1323 -0.3903 0.0157, 0.1323 -0.3903 0.0118, 0.1358 -0.3778 0.0157, 0.1358 -0.3778 0.0118, 0.137 -0.3641 0.0157, 0.137 -0.3641 0.0118, 0.1353 -0.3473 0.0157, 0.1353 -0.3473 0.0118, 0.1307 -0.3339 0.0157, 0.1307 -0.3339 0.0118, 0.1238 -0.3229 0.0157, 0.1238 -0.3229 0.0118, 0.1132 -0.3126 0.0157, 0.1132 -0.3126 0.0118, 0.1019 -0.3062 0.0157, 0.1019 -0.3062 0.0118, 0.0888 -0.3024 0.0157, 0.0888 -0.3024 0.0118, 0.0769 -0.3014 0.0157, 0.0769 -0.3014 0.0118, 0.0857 -0.3021 0.0118, 0.0665 -0.3021 0.0118, 0.0628 -0.3024 0.0157, 0.0628 -0.3024 0.0118, 0.0491 -0.3061 0.0157, 0.0491 -0.3061 0.0118, 0.0491 -0.3219 0.0157, 0.0491 -0.3219 0.0118, 0.0624 -0.3162 0.0157, 0.0624 -0.3162 0.0118, 0.0768 -0.3144 0.0157, 0.0768 -0.3144 0.0118, 0.0884 -0.3157 0.0157, 0.0884 -0.3157 0.0118, 0.0972 -0.3189 0.0157, 0.0972 -0.3189 0.0118, 0.1054 -0.3243 0.0157, 0.1054 -0.3243 0.0118, 0.1126 -0.3322 0.0157, 0.1126 -0.3322 0.0118, 0.1174 -0.3413 0.0157, 0.1174 -0.3413 0.0118, 0.1206 -0.354 0.0157, 0.1206 -0.354 0.0118, 0.1211 -0.3632 0.0157, 0.1211 -0.3632 0.0118, 0.1199 -0.3759 0.0157, 0.1199 -0.3759 0.0118, 0.1167 -0.3861 0.0157, 0.1167 -0.3861 0.0118, 0.1118 -0.3943 0.0157, 0.1118 -0.3943 0.0118, 0.1063 -0.4001 0.0157, 0.1063 -0.4001 0.0118, 0.0991 -0.405 0.0157, 0.0991 -0.405 0.0118, 0.0904 -0.4082 0.0157, 0.0904 -0.4082 0.0118, 0.0794 -0.4094 0.0157, 0.0794 -0.4094 0.0118, 0.0638 -0.4077 0.0157, 0.0638 -0.4077 0.0118, 0.0512 -0.403 0.0157, 0.0512 -0.403 0.0118, 0.0491 -0.4019 0.0157, 0.0491 -0.4019 0.0118, 0.0491 -0.4148 0.0157, 0.0491 -0.4148 0.0118, 0.0617 -0.42 0.0118, 0.0617 -0.42 0.0157, 0.0736 -0.4217 0.0118, 0.0784 -0.4223 0.0157, 0.0784 -0.4223 0.0118, 0.2076 -0.3028 0.0157, 0.2076 -0.3028 0.0118, 0.2076 -0.4209 0.0157, 0.2076 -0.4209 0.0118, 0.1917 -0.3028 0.0157, 0.1917 -0.3028 0.0118, 0.1917 -0.408 0.0157, 0.1917 -0.408 0.0118, 0.1471 -0.408 0.0157, 0.1471 -0.408 0.0118, 0.1471 -0.4209 0.0157, 0.1471 -0.4209 0.0118
            ]
        }
        coordIndex [
            0,1,2,-1,2,1,3,-1,4,5,0,-1,0,5,6,-1,0,6,1,-1,1,6,7,-1,4,8,5,-1,5,8,9,-1,5,9,10,-1,10,9,11,-1,10,11,12,-1,12,13,10,-1,10,13,2,-1,10,2,14,-1,14,2,3,-1,14,3,15,-1,3,16,15,-1,15,16,17,-1,1,18,3,-1,3,18,16,-1,7,19,1,-1,1,19,18,-1,6,20,7,-1,7,20,19,-1,5,21,6,-1,6,21,20,-1,10,22,5,-1,5,22,21,-1,14,23,10,-1,10,23,22,-1,14,15,23,-1,23,15,17,-1,24,13,12,-1,24,12,25,-1,25,12,11,-1,25,11,26,-1,9,27,11,-1,11,27,26,-1,27,9,8,-1,27,8,28,-1,28,8,4,-1,28,4,29,-1,0,30,4,-1,4,30,29,-1,2,31,0,-1,0,31,30,-1,24,31,13,-1,13,31,2,-1,32,33,34,-1,34,33,35,-1,33,32,36,-1,33,36,37,-1,37,36,38,-1,37,38,39,-1,39,38,40,-1,39,40,41,-1,41,40,42,-1,41,42,43,-1,43,42,44,-1,43,44,45,-1,45,44,46,-1,45,46,47,-1,47,46,48,-1,47,48,49,-1,49,48,50,-1,49,50,51,-1,51,50,52,-1,51,52,53,-1,53,52,54,-1,53,54,55,-1,55,54,56,-1,55,56,57,-1,57,56,58,-1,57,58,59,-1,59,58,60,-1,59,60,61,-1,61,60,62,-1,61,62,63,-1,63,62,64,-1,63,64,65,-1,66,67,64,-1,64,67,65,-1,66,34,67,-1,67,34,35,-1,46,44,68,-1,68,44,42,-1,68,42,69,-1,69,42,40,-1,69,40,70,-1,70,40,38,-1,70,38,71,-1,71,38,36,-1,71,36,72,-1,72,36,32,-1,72,32,73,-1,73,32,34,-1,73,34,74,-1,74,34,66,-1,74,66,75,-1,75,66,64,-1,75,64,76,-1,76,64,62,-1,76,62,77,-1,77,62,60,-1,77,60,78,-1,78,60,58,-1,78,58,79,-1,79,58,56,-1,79,56,80,-1,80,56,54,-1,80,54,81,-1,81,54,52,-1,81,52,82,-1,82,52,50,-1,82,50,83,-1,83,50,48,-1,83,48,84,-1,84,48,46,-1,84,46,68,-1,75,85,74,-1,74,85,86,-1,85,75,76,-1,85,76,87,-1,87,76,77,-1,87,77,88,-1,88,77,78,-1,88,78,89,-1,89,78,79,-1,89,79,90,-1,90,79,80,-1,90,80,91,-1,91,80,81,-1,91,81,92,-1,92,81,82,-1,92,82,93,-1,93,82,83,-1,93,83,94,-1,94,83,84,-1,94,84,95,-1,95,84,68,-1,95,68,96,-1,96,68,69,-1,96,69,97,-1,97,69,70,-1,97,70,98,-1,98,70,71,-1,98,71,99,-1,99,71,72,-1,99,72,100,-1,73,101,72,-1,72,101,100,-1,86,101,74,-1,74,101,73,-1,102,103,104,-1,104,103,105,-1,106,107,102,-1,102,107,103,-1,108,109,106,-1,106,109,107,-1,110,111,108,-1,108,111,109,-1,112,113,110,-1,110,113,111,-1,114,115,112,-1,112,115,113,-1,116,117,114,-1,114,117,115,-1,118,119,116,-1,116,119,117,-1,120,121,118,-1,118,121,119,-1,122,123,120,-1,120,123,121,-1,124,125,122,-1,122,125,123,-1,124,104,125,-1,125,104,105,-1,104,124,122,-1,122,120,104,-1,104,120,118,-1,104,118,102,-1,108,106,110,-1,110,106,102,-1,110,102,112,-1,112,102,118,-1,112,118,114,-1,114,118,116,-1,126,127,128,-1,126,128,129,-1,128,130,129,-1,129,130,131,-1,129,131,132,-1,132,131,133,-1,132,133,134,-1,134,133,135,-1,134,135,136,-1,136,135,137,-1,136,137,138,-1,138,137,139,-1,138,139,140,-1,140,139,141,-1,140,141,142,-1,142,141,143,-1,142,143,144,-1,144,143,145,-1,144,145,146,-1,146,145,147,-1,146,147,148,-1,148,147,149,-1,148,149,150,-1,150,149,151,-1,150,151,152,-1,152,151,153,-1,152,153,154,-1,155,156,153,-1,153,156,157,-1,153,157,154,-1,156,155,158,-1,158,155,159,-1,158,159,160,-1,160,159,161,-1,160,161,162,-1,163,164,161,-1,161,164,162,-1,164,163,165,-1,164,165,166,-1,166,165,167,-1,166,167,168,-1,168,167,169,-1,168,169,170,-1,170,169,171,-1,170,171,172,-1,172,171,173,-1,172,173,174,-1,174,173,175,-1,174,175,176,-1,176,175,177,-1,176,177,178,-1,178,177,179,-1,178,179,180,-1,180,179,181,-1,180,181,182,-1,182,181,183,-1,182,183,184,-1,184,183,185,-1,184,185,186,-1,186,185,187,-1,186,187,188,-1,188,187,189,-1,188,189,190,-1,190,189,191,-1,190,191,192,-1,192,191,193,-1,192,193,194,-1,194,193,195,-1,194,195,196,-1,196,195,197,-1,196,197,198,-1,198,197,199,-1,198,199,200,-1,200,199,201,-1,200,201,202,-1,203,204,201,-1,201,204,202,-1,205,204,206,-1,206,204,203,-1,205,206,207,-1,207,206,208,-1,207,208,209,-1,209,208,128,-1,209,128,127,-1,193,128,195,-1,195,128,208,-1,195,208,197,-1,197,208,206,-1,197,206,199,-1,199,206,203,-1,199,203,201,-1,163,161,165,-1,165,161,159,-1,165,159,167,-1,167,159,155,-1,167,155,169,-1,169,155,153,-1,169,153,171,-1,171,153,151,-1,171,151,173,-1,173,151,149,-1,173,149,175,-1,175,149,147,-1,175,147,177,-1,177,147,145,-1,177,145,179,-1,179,145,143,-1,179,143,181,-1,181,143,141,-1,181,141,183,-1,183,141,139,-1,183,139,185,-1,185,139,137,-1,185,137,187,-1,187,137,135,-1,187,135,189,-1,189,135,133,-1,189,133,191,-1,191,133,131,-1,191,131,193,-1,193,131,130,-1,193,130,128,-1,210,211,212,-1,212,211,213,-1,214,215,210,-1,210,215,211,-1,216,217,214,-1,214,217,215,-1,218,219,216,-1,216,219,217,-1,220,221,218,-1,218,221,219,-1,220,212,221,-1,221,212,213,-1,214,210,216,-1,216,210,212,-1,216,212,218,-1,218,212,220,-1,
        ]
    }
}
Shape{
    appearance Appearance {
        material  Material 	{
            diffuseColor 0.5019607843137255 0.5019607843137255 0.5019607843137255
            specularColor 0.25098039215686274 0.25098039215686274 0.25098039215686274
            ambientIntensity 0.502
            transparency 0.0
            shininess 0.5
        }
    }
    geometry IndexedFaceSet {
        ccw TRUE
        solid FALSE
        coord DEF co Coordinate {
            point [
                -0.1966 -0.3749 0.0118, -0.2361 -0.3749 0.0118, -0.2142 -0.3255 0.0118, -0.2183 -0.3255 0.0118, -0.2154 -0.3214 0.0118, -0.2173 -0.3214 0.0118, -0.2161 -0.3172 0.0118, -0.2165 -0.3172 0.0118, -0.0762 -0.3158 0.0118, -0.0762 -0.408 0.0118, -0.0936 -0.3158 0.0118, -0.093 -0.408 0.0118, -0.1054 -0.4068 0.0118, -0.1396 -0.3607 0.0118, -0.1386 -0.349 0.0118, -0.1358 -0.3396 0.0118, -0.1076 -0.3173 0.0118, -0.1154 -0.4037 0.0118, -0.1234 -0.3989 0.0118, -0.13 -0.3924 0.0118, -0.135 -0.3843 0.0118, -0.1385 -0.3731 0.0118, -0.1317 -0.3324 0.0118, -0.126 -0.3263 0.0118, -0.1173 -0.3207 0.0118
            ]
        }
        coordIndex [
            0,1,2,-1,2,1,3,-1,2,3,4,-1,4,3,5,-1,4,5,6,-1,6,5,7,-1,8,9,10,-1,10,9,11,-1,10,11,12,-1,13,14,10,-1,10,14,15,-1,10,15,16,-1,12,17,10,-1,10,17,18,-1,10,18,19,-1,19,20,10,-1,10,20,21,-1,10,21,13,-1,22,23,15,-1,15,23,24,-1,15,24,16,-1,
        ]
    }
}